symbol,confidence_score_12m,action_count_12m,buyback_count,bonus_count,dividend_count,split_count,rights_count,sector,last_action_date,last_action_type,confidence_label,as_of_date
ECLERX,5.5,3,1,1,1,0,0,IT,2026-03-13,BONUS,HIGH,2026-07-31
INFY,4.0,3,1,0,2,0,0,IT,2026-06-10,DIVIDEND,HIGH,2026-07-31
FCL,4.0,4,0,1,2,1,0,CHEMICALS,2025-10-31,SPLIT,HIGH,2026-07-31
IRB,4.0,5,0,1,4,0,0,INFRASTRUCTURE,2026-05-26,DIVIDEND,HIGH,2026-07-31
CYBERTECH,4.0,3,1,0,2,0,0,IT,2026-05-29,BUYBACK,HIGH,2026-07-31
LALPATHLAB,4.0,5,0,1,4,0,0,HEALTHCARE,2026-06-25,DIVIDEND,HIGH,2026-07-31
GARFIBRES,4.0,3,1,0,2,0,0,TEXTILES,2026-05-20,BUYBACK,HIGH,2026-07-31
JAGSNPHARM,3.5,2,1,0,1,0,0,PHARMA,2026-05-04,BUYBACK,HIGH,2026-07-31
CMSINFO,3.5,2,1,0,1,0,0,FINANCIAL_SERVICES,2026-05-22,BUYBACK,HIGH,2026-07-31
MATRIMONY,3.5,2,1,0,1,0,0,RETAIL,2026-01-30,BUYBACK,HIGH,2026-07-31
PATANJALI,3.5,4,0,1,3,0,0,FMCG,2026-04-24,DIVIDEND,HIGH,2026-07-31
FAIRCHEMOR,3.5,2,1,0,1,0,0,CHEMICALS,2026-01-05,BUYBACK,HIGH,2026-07-31
RMDRIP,3.5,3,0,1,1,1,0,CAPITAL_GOODS,2026-04-10,BONUS,HIGH,2026-07-31
SILVERTUC,3.5,3,0,1,1,1,0,IT,2026-03-06,BONUS,HIGH,2026-07-31
WIPRO,3.5,2,1,0,1,0,0,IT,2026-06-05,BUYBACK,HIGH,2026-07-31
AUROPHARMA,3.5,2,1,0,1,0,0,PHARMA,2026-04-17,BUYBACK,HIGH,2026-07-31
ZYDUSLIFE,3.5,2,1,0,1,0,0,PHARMA,2026-07-24,DIVIDEND,HIGH,2026-07-31
WELSPUNLIV,3.5,2,1,0,1,0,0,TEXTILES,2026-07-10,DIVIDEND,HIGH,2026-07-31
VLSFINANCE,3.5,2,1,0,1,0,0,FINANCIAL_SERVICES,2025-12-12,BUYBACK,HIGH,2026-07-31
GHCL,3.5,2,1,0,1,0,0,CHEMICALS,2026-06-18,DIVIDEND,HIGH,2026-07-31
BESTAGRO,3.5,3,0,1,1,1,0,CHEMICALS,2026-01-16,BONUS,HIGH,2026-07-31
BHARATRAS,3.5,3,0,1,1,1,0,CHEMICALS,2025-12-12,BONUS,HIGH,2026-07-31
ANANDRATHI,3.0,3,0,1,2,0,0,FINANCIAL_SERVICES,2026-06-03,BONUS,HIGH,2026-07-31
DHANUKA,3.0,1,1,0,0,0,0,CHEMICALS,2026-05-29,BUYBACK,HIGH,2026-07-31
NECLIFE,3.0,1,1,0,0,0,0,OTHER,2025-12-24,BUYBACK,HIGH,2026-07-31
NESTLEIND,3.0,3,0,1,2,0,0,FMCG,2026-07-10,DIVIDEND,HIGH,2026-07-31
NAZARA,3.0,2,0,1,0,1,0,IT,2025-09-26,SPLIT,HIGH,2026-07-31
METROPOLIS,3.0,3,0,1,2,0,0,HEALTHCARE,2026-05-19,DIVIDEND,HIGH,2026-07-31
GODFRYPHLP,3.0,3,0,1,2,0,0,FMCG,2025-11-10,DIVIDEND,HIGH,2026-07-31
WINDLAS,3.0,1,1,0,0,0,0,PHARMA,2026-04-24,BUYBACK,HIGH,2026-07-31
SIKKO,3.0,2,0,1,0,1,0,CHEMICALS,2025-12-08,BONUS,HIGH,2026-07-31
SMCGLOBAL,3.0,3,0,1,2,0,0,FINANCIAL_SERVICES,2026-06-15,DIVIDEND,HIGH,2026-07-31
AHCL,3.0,2,0,1,0,1,0,PHARMA,2026-04-24,SPLIT,HIGH,2026-07-31
GOCOLORS,3.0,1,1,0,0,0,0,RETAIL,2026-02-09,BUYBACK,HIGH,2026-07-31
RNBDENIMS,3.0,2,0,1,0,1,0,TEXTILES,2026-04-02,BONUS,HIGH,2026-07-31
BAJAJCON,3.0,1,1,0,0,0,0,FMCG,2025-09-04,BUYBACK,HIGH,2026-07-31
SARLAPOLY,3.0,1,1,0,0,0,0,TEXTILES,2026-05-15,BUYBACK,HIGH,2026-07-31
ONWARDTEC,3.0,1,1,0,0,0,0,TEXTILES,2026-05-18,BUYBACK,HIGH,2026-07-31
CAMS,3.0,5,0,0,4,1,0,FINANCIAL_SERVICES,2026-07-10,DIVIDEND,HIGH,2026-07-31
THYROCARE,3.0,3,0,1,2,0,0,HEALTHCARE,2026-06-23,DIVIDEND,HIGH,2026-07-31
NURECA,3.0,1,1,0,0,0,0,HEALTHCARE,2025-12-12,BUYBACK,HIGH,2026-07-31
HDFCBANK,2.5,2,0,1,1,0,0,BANKING,2026-06-19,DIVIDEND,MODERATE,2026-07-31
AARON,2.5,2,0,1,1,0,0,CAPITAL_GOODS,2025-08-25,BONUS,MODERATE,2026-07-31
HDFCAMC,2.5,2,0,1,1,0,0,FINANCIAL_SERVICES,2026-06-05,DIVIDEND,MODERATE,2026-07-31
TIMETECHNO,2.5,2,0,1,1,0,0,CAPITAL_GOODS,2025-09-23,BONUS,MODERATE,2026-07-31
TRENT,2.5,2,0,1,1,0,0,RETAIL,2026-06-12,DIVIDEND,MODERATE,2026-07-31
DELPHIFX,2.5,3,0,1,0,1,1,FINANCIAL_SERVICES,2026-02-13,SPLIT,MODERATE,2026-07-31
CUB,2.5,2,0,1,1,0,0,BANKING,2026-06-12,BONUS,MODERATE,2026-07-31
LICI,2.5,2,0,1,1,0,0,FINANCIAL_SERVICES,2026-06-25,DIVIDEND,MODERATE,2026-07-31
HUDCO,2.5,5,0,0,5,0,0,REALTY,2026-03-27,DIVIDEND,MODERATE,2026-07-31
TVSMOTOR,2.5,2,0,1,1,0,0,AUTO,2026-03-30,DIVIDEND,MODERATE,2026-07-31
KARURVYSYA,2.5,2,0,1,1,0,0,BANKING,2025-08-26,BONUS,MODERATE,2026-07-31
SHILPAMED,2.5,2,0,1,1,0,0,PHARMA,2025-10-03,BONUS,MODERATE,2026-07-31
SANDUMA,2.5,2,0,1,1,0,0,ENERGY,2025-09-22,BONUS,MODERATE,2026-07-31
BEML,2.5,4,0,0,3,1,0,AUTO,2026-06-05,DIVIDEND,MODERATE,2026-07-31
RECLTD,2.5,5,0,0,5,0,0,FINANCIAL_SERVICES,2026-03-20,DIVIDEND,MODERATE,2026-07-31
PIDILITIND,2.5,2,0,1,1,0,0,CHEMICALS,2025-09-23,BONUS,MODERATE,2026-07-31
RAMRAT,2.5,2,0,1,1,0,0,CAPITAL_GOODS,2025-12-26,BONUS,MODERATE,2026-07-31
STEELCAS,2.5,4,0,0,3,1,0,CAPITAL_GOODS,2026-02-06,DIVIDEND,MODERATE,2026-07-31
VRLLOG,2.5,2,0,1,1,0,0,LOGISTICS,2026-02-13,DIVIDEND,MODERATE,2026-07-31
GODREJCP,2.0,4,0,0,4,0,0,FMCG,2026-05-12,DIVIDEND,MODERATE,2026-07-31
GESHIP,2.0,4,0,0,4,0,0,AUTO,2026-05-20,DIVIDEND,MODERATE,2026-07-31
GPTINFRA,2.0,4,0,0,4,0,0,INFRASTRUCTURE,2026-05-26,DIVIDEND,MODERATE,2026-07-31
AXITA,2.0,1,0,1,0,0,0,TEXTILES,2026-02-13,BONUS,MODERATE,2026-07-31
VAIBHAVGBL,2.0,4,0,0,4,0,0,FMCG,2026-06-25,DIVIDEND,MODERATE,2026-07-31
UNIVASTU,2.0,1,0,1,0,0,0,INFRASTRUCTURE,2025-10-13,BONUS,MODERATE,2026-07-31
INFOBEAN,2.0,1,0,1,0,0,0,IT,2026-02-27,BONUS,MODERATE,2026-07-31
UEL,2.0,1,0,1,0,0,0,POWER,2025-10-10,BONUS,MODERATE,2026-07-31
AIIL,2.0,1,0,1,0,0,0,CAPITAL_GOODS,2026-01-13,BONUS,MODERATE,2026-07-31
HIRECT,2.0,1,0,1,0,0,0,CAPITAL_GOODS,2026-03-27,BONUS,MODERATE,2026-07-31
PAGEIND,2.0,4,0,0,4,0,0,TEXTILES,2026-05-27,DIVIDEND,MODERATE,2026-07-31
BEPL,2.0,4,0,0,4,0,0,CAPITAL_GOODS,2026-02-18,DIVIDEND,MODERATE,2026-07-31
MANAPPURAM,2.0,4,0,0,4,0,0,FINANCIAL_SERVICES,2026-05-11,DIVIDEND,MODERATE,2026-07-31
MONEYBOXX,2.0,1,0,1,0,0,0,FINANCIAL_SERVICES,2025-12-15,BONUS,MODERATE,2026-07-31
NBCC,2.0,4,0,0,4,0,0,INFRASTRUCTURE,2026-02-25,DIVIDEND,MODERATE,2026-07-31
SUNTV,2.0,4,0,0,4,0,0,MEDIA,2026-03-12,DIVIDEND,MODERATE,2026-07-31
RITES,2.0,4,0,0,4,0,0,INFRASTRUCTURE,2026-02-10,DIVIDEND,MODERATE,2026-07-31
ANGELONE,2.0,3,0,0,2,1,0,FINANCIAL_SERVICES,2026-03-27,DIVIDEND,MODERATE,2026-07-31
SHAREINDIA,2.0,4,0,0,4,0,0,FINANCIAL_SERVICES,2026-02-02,DIVIDEND,MODERATE,2026-07-31
KPEL,2.0,4,0,0,4,0,0,POWER,2026-01-28,DIVIDEND,MODERATE,2026-07-31
CUPID,2.0,1,0,1,0,0,0,FMCG,2026-03-09,BONUS,MODERATE,2026-07-31
BECTORFOOD,2.0,3,0,0,2,1,0,FMCG,2026-02-17,DIVIDEND,MODERATE,2026-07-31
KPIGREEN,2.0,4,0,0,4,0,0,POWER,2026-01-28,DIVIDEND,MODERATE,2026-07-31
LGHL,2.0,1,0,1,0,0,0,FMCG,2025-10-10,BONUS,MODERATE,2026-07-31
KAPSTON,2.0,1,0,1,0,0,0,OTHER,2026-03-06,BONUS,MODERATE,2026-07-31
KILITCH,2.0,1,0,1,0,0,0,PHARMA,2026-03-24,BONUS,MODERATE,2026-07-31
INDIAGLYCO,2.0,3,0,0,2,1,0,FMCG,2026-03-23,DIVIDEND,MODERATE,2026-07-31
NATIONALUM,2.0,4,0,0,4,0,0,METAL,2026-05-08,DIVIDEND,MODERATE,2026-07-31
ORIENTTECH,2.0,1,0,1,0,0,0,TEXTILES,2026-01-05,BONUS,MODERATE,2026-07-31
PFC,2.0,4,0,0,4,0,0,FINANCIAL_SERVICES,2026-03-23,DIVIDEND,MODERATE,2026-07-31
NRBBEARING,2.0,4,0,0,4,0,0,AUTO,2026-05-13,DIVIDEND,MODERATE,2026-07-31
NUVAMA,2.0,3,0,0,2,1,0,FINANCIAL_SERVICES,2026-05-15,DIVIDEND,MODERATE,2026-07-31
COALINDIA,2.0,4,0,0,4,0,0,ENERGY,2026-02-18,DIVIDEND,MODERATE,2026-07-31
GRMOVER,2.0,1,0,1,0,0,0,AGRICULTURE,2025-12-24,BONUS,MODERATE,2026-07-31
WEALTH,2.0,4,0,0,4,0,0,FINANCIAL_SERVICES,2026-02-10,DIVIDEND,MODERATE,2026-07-31
IOC,1.5,3,0,0,3,0,0,CHEMICALS,2026-03-12,DIVIDEND,MODERATE,2026-07-31
ESABINDIA,1.5,3,0,0,3,0,0,CAPITAL_GOODS,2026-02-13,DIVIDEND,MODERATE,2026-07-31
AJMERA,1.5,2,0,0,1,1,0,REALTY,2026-01-14,SPLIT,MODERATE,2026-07-31
GOPAL,1.5,3,0,0,3,0,0,FMCG,2026-05-15,DIVIDEND,MODERATE,2026-07-31
VBL,1.5,3,0,0,3,0,0,FMCG,2026-04-30,DIVIDEND,MODERATE,2026-07-31
ABINFRA,1.5,2,0,0,1,1,0,INFRASTRUCTURE,2025-10-17,SPLIT,MODERATE,2026-07-31
SIYSIL,1.5,3,0,0,3,0,0,TEXTILES,2026-05-25,DIVIDEND,MODERATE,2026-07-31
SIGMA,1.5,2,0,0,1,1,0,IT,2025-10-06,SPLIT,MODERATE,2026-07-31
ZYDUSWELL,1.5,2,0,0,1,1,0,FMCG,2026-07-17,DIVIDEND,MODERATE,2026-07-31
SKMEGGPROD,1.5,2,0,0,1,1,0,FMCG,2026-01-12,SPLIT,MODERATE,2026-07-31
SONATSOFTW,1.5,3,0,0,3,0,0,IT,2026-02-13,DIVIDEND,MODERATE,2026-07-31
BALKRISIND,1.5,3,0,0,3,0,0,AUTO,2026-02-02,DIVIDEND,MODERATE,2026-07-31
IRCTC,1.5,3,0,0,3,0,0,CAPITAL_GOODS,2026-02-20,DIVIDEND,MODERATE,2026-07-31
ENGINERSIN,1.5,3,0,0,3,0,0,INFRASTRUCTURE,2026-03-06,DIVIDEND,MODERATE,2026-07-31
UNIPARTS,1.5,3,0,0,3,0,0,AUTO,2026-02-16,DIVIDEND,MODERATE,2026-07-31
UNIDT,1.5,3,0,0,3,0,0,CAPITAL_GOODS,2026-02-20,DIVIDEND,MODERATE,2026-07-31
HONDAPOWER,1.5,3,0,0,3,0,0,CAPITAL_GOODS,2026-02-18,DIVIDEND,MODERATE,2026-07-31
SCI,1.5,3,0,0,3,0,0,FINANCIAL_SERVICES,2026-02-17,DIVIDEND,MODERATE,2026-07-31
MCX,1.5,2,0,0,1,1,0,FINANCIAL_SERVICES,2026-01-02,SPLIT,MODERATE,2026-07-31
CRISIL,1.5,3,0,0,3,0,0,FINANCIAL_SERVICES,2026-04-23,DIVIDEND,MODERATE,2026-07-31
LTFOODS,1.5,3,0,0,3,0,0,AGRICULTURE,2026-02-02,DIVIDEND,MODERATE,2026-07-31
DCMSHRIRAM,1.5,3,0,0,3,0,0,DIVERSIFIED,2026-01-23,DIVIDEND,MODERATE,2026-07-31
TATAINVEST,1.5,2,0,0,1,1,0,FINANCIAL_SERVICES,2026-06-10,DIVIDEND,MODERATE,2026-07-31
DEVIT,1.5,2,0,0,1,1,0,IT,2025-09-23,DIVIDEND,MODERATE,2026-07-31
ROUTE,1.5,3,0,0,3,0,0,TELECOM,2026-02-13,DIVIDEND,MODERATE,2026-07-31
RAILTEL,1.5,3,0,0,3,0,0,TELECOM,2026-03-13,DIVIDEND,MODERATE,2026-07-31
MOIL,1.5,3,0,0,3,0,0,METAL,2026-02-05,DIVIDEND,MODERATE,2026-07-31
NAVNETEDUL,1.5,3,0,0,3,0,0,MEDIA,2026-06-03,DIVIDEND,MODERATE,2026-07-31
TCS,1.5,3,0,0,3,0,0,IT,2026-05-25,DIVIDEND,MODERATE,2026-07-31
TIPSMUSIC,1.5,3,0,0,3,0,0,MEDIA,2026-01-23,DIVIDEND,MODERATE,2026-07-31
AMRUTANJAN,1.5,3,0,0,3,0,0,PHARMA,2026-02-06,DIVIDEND,MODERATE,2026-07-31
TFCILTD,1.5,2,0,0,1,1,0,FINANCIAL_SERVICES,2025-09-19,SPLIT,MODERATE,2026-07-31
MANBA,1.5,3,0,0,3,0,0,FINANCIAL_SERVICES,2026-02-06,DIVIDEND,MODERATE,2026-07-31
MAZDOCK,1.5,3,0,0,3,0,0,DEFENCE,2026-02-13,DIVIDEND,MODERATE,2026-07-31
CONCOR,1.5,3,0,0,3,0,0,LOGISTICS,2026-02-09,DIVIDEND,MODERATE,2026-07-31
OBEROIRLTY,1.5,3,0,0,3,0,0,REALTY,2026-05-14,DIVIDEND,MODERATE,2026-07-31
COCHINSHIP,1.5,3,0,0,3,0,0,DEFENCE,2026-02-03,DIVIDEND,MODERATE,2026-07-31
COFORGE,1.5,3,0,0,3,0,0,IT,2026-01-30,DIVIDEND,MODERATE,2026-07-31
NATCOPHARM,1.5,3,0,0,3,0,0,PHARMA,2026-02-18,DIVIDEND,MODERATE,2026-07-31
REPCOHOME,1.5,3,0,0,3,0,0,FINANCIAL_SERVICES,2026-02-12,DIVIDEND,MODERATE,2026-07-31
BPCL,1.5,3,0,0,3,0,0,CHEMICALS,2026-02-02,DIVIDEND,MODERATE,2026-07-31
NTPC,1.5,3,0,0,3,0,0,POWER,2026-02-06,DIVIDEND,MODERATE,2026-07-31
POWERGRID,1.5,3,0,0,3,0,0,POWER,2026-02-09,DIVIDEND,MODERATE,2026-07-31
SYMPHONY,1.5,3,0,0,3,0,0,FMCG,2026-02-03,DIVIDEND,MODERATE,2026-07-31
OIL,1.5,3,0,0,3,0,0,ENERGY,2026-02-18,DIVIDEND,MODERATE,2026-07-31
CENTRALBK,1.5,3,0,0,3,0,0,BANKING,2026-05-08,DIVIDEND,MODERATE,2026-07-31
PASHUPATI,1.5,2,0,0,1,1,0,TEXTILES,2026-04-17,SPLIT,MODERATE,2026-07-31
ONGC,1.5,3,0,0,3,0,0,ENERGY,2026-02-18,DIVIDEND,MODERATE,2026-07-31
PREMIERENE,1.5,3,0,0,3,0,0,CAPITAL_GOODS,2026-05-08,DIVIDEND,MODERATE,2026-07-31
QUESS,1.5,3,0,0,3,0,0,OTHER,2026-05-08,DIVIDEND,MODERATE,2026-07-31
GEEKAYWIRE,1.5,2,0,0,1,1,0,METAL,2025-10-30,SPLIT,MODERATE,2026-07-31
STEELCITY,1.5,3,0,0,3,0,0,FINANCIAL_SERVICES,2026-03-06,DIVIDEND,MODERATE,2026-07-31
GRSE,1.5,3,0,0,3,0,0,DEFENCE,2026-02-03,DIVIDEND,MODERATE,2026-07-31
FISCHER,1.5,2,0,0,1,1,0,HEALTHCARE,2025-09-22,DIVIDEND,MODERATE,2026-07-31
HCLTECH,1.5,3,0,0,3,0,0,IT,2026-04-24,DIVIDEND,MODERATE,2026-07-31
VIDHIING,1.5,3,0,0,3,0,0,CHEMICALS,2025-11-14,DIVIDEND,MODERATE,2026-07-31
WEBELSOLAR,1.0,1,0,0,0,1,0,CAPITAL_GOODS,2025-11-14,SPLIT,MODERATE,2026-07-31
AGIIL,1.0,1,0,0,0,1,0,REALTY,2025-10-10,SPLIT,MODERATE,2026-07-31
ADVANIHOTR,1.0,2,0,0,2,0,0,HOSPITALITY,2026-05-29,DIVIDEND,MODERATE,2026-07-31
ADFFOODS,1.0,2,0,0,2,0,0,FMCG,2025-11-13,DIVIDEND,MODERATE,2026-07-31
ADANIPOWER,1.0,1,0,0,0,1,0,POWER,2025-09-22,SPLIT,MODERATE,2026-07-31
GANDHAR,1.0,2,0,0,2,0,0,ENERGY,2026-01-30,DIVIDEND,MODERATE,2026-07-31
GULFOILLUB,1.0,2,0,0,2,0,0,ENERGY,2026-02-13,DIVIDEND,MODERATE,2026-07-31
HAL,1.0,2,0,0,2,0,0,DEFENCE,2026-02-18,DIVIDEND,MODERATE,2026-07-31
HAVELLS,1.0,2,0,0,2,0,0,CAPITAL_GOODS,2026-05-22,DIVIDEND,MODERATE,2026-07-31
HBLENGINE,1.0,2,0,0,2,0,0,CAPITAL_GOODS,2026-02-13,DIVIDEND,MODERATE,2026-07-31
HDBFS,1.0,2,0,0,2,0,0,FINANCIAL_SERVICES,2026-06-18,DIVIDEND,MODERATE,2026-07-31
HEROMOTOCO,1.0,2,0,0,2,0,0,AUTO,2026-07-24,DIVIDEND,MODERATE,2026-07-31
HEXT,1.0,2,0,0,2,0,0,IT,2026-05-05,DIVIDEND,MODERATE,2026-07-31
FIVESTAR,1.0,2,0,0,2,0,0,FINANCIAL_SERVICES,2026-07-31,DIVIDEND,MODERATE,2026-07-31
FLAIR,1.0,2,0,0,2,0,0,FMCG,2026-02-04,DIVIDEND,MODERATE,2026-07-31
GABRIEL,1.0,2,0,0,2,0,0,AUTO,2025-11-21,DIVIDEND,MODERATE,2026-07-31
GAIL,1.0,2,0,0,2,0,0,ENERGY,2026-02-05,DIVIDEND,MODERATE,2026-07-31
ASTERDM,1.0,2,0,0,2,0,0,HEALTHCARE,2026-04-02,DIVIDEND,MODERATE,2026-07-31
ASTRAL,1.0,2,0,0,2,0,0,CAPITAL_GOODS,2025-11-11,DIVIDEND,MODERATE,2026-07-31
SPLPETRO,1.0,2,0,0,2,0,0,CHEMICALS,2026-07-14,DIVIDEND,MODERATE,2026-07-31
STARCEMENT,1.0,2,0,0,2,0,0,CEMENT,2026-02-12,DIVIDEND,MODERATE,2026-07-31
WHEELS,1.0,2,0,0,2,0,0,AUTO,2026-06-24,DIVIDEND,MODERATE,2026-07-31
GATEWAY,1.0,2,0,0,2,0,0,LOGISTICS,2026-02-12,DIVIDEND,MODERATE,2026-07-31
WEL,1.0,2,0,0,2,0,0,FMCG,2026-02-20,DIVIDEND,MODERATE,2026-07-31
PRECWIRE,1.0,2,0,0,2,0,0,METAL,2026-02-18,DIVIDEND,MODERATE,2026-07-31
BIKAJI,1.0,2,0,0,2,0,0,TEXTILES,2026-07-17,DIVIDEND,MODERATE,2026-07-31
BLS,1.0,2,0,0,2,0,0,INFRASTRUCTURE,2026-02-13,DIVIDEND,MODERATE,2026-07-31
BLSE,1.0,2,0,0,2,0,0,IT,2026-02-13,DIVIDEND,MODERATE,2026-07-31
PTC,1.0,2,0,0,2,0,0,POWER,2026-02-20,DIVIDEND,MODERATE,2026-07-31
OMAXAUTO,1.0,2,0,0,2,0,0,OTHER,2026-05-08,DIVIDEND,MODERATE,2026-07-31
PAVNAIND,1.0,1,0,0,0,1,0,OTHER,2025-09-01,SPLIT,MODERATE,2026-07-31
PETRONET,1.0,2,0,0,2,0,0,ENERGY,2026-06-12,DIVIDEND,MODERATE,2026-07-31
BOMDYEING,1.0,2,0,0,2,0,0,TEXTILES,2026-07-31,DIVIDEND,MODERATE,2026-07-31
BRITANNIA,1.0,2,0,0,2,0,0,FMCG,2026-07-31,DIVIDEND,MODERATE,2026-07-31
CANTABIL,1.0,2,0,0,2,0,0,TEXTILES,2026-02-20,DIVIDEND,MODERATE,2026-07-31
CAPLIPOINT,1.0,2,0,0,2,0,0,PHARMA,2026-05-29,DIVIDEND,MODERATE,2026-07-31
CARBORUNIV,1.0,2,0,0,2,0,0,CAPITAL_GOODS,2026-02-04,DIVIDEND,MODERATE,2026-07-31
NHPC,1.0,2,0,0,2,0,0,POWER,2026-02-10,DIVIDEND,MODERATE,2026-07-31
CHAMBLFERT,1.0,2,0,0,2,0,0,CHEMICALS,2025-11-11,DIVIDEND,MODERATE,2026-07-31
CHENNPETRO,1.0,2,0,0,2,0,0,METAL,2026-04-02,DIVIDEND,MODERATE,2026-07-31
CHOLAFIN,1.0,2,0,0,2,0,0,FINANCIAL_SERVICES,2026-07-21,DIVIDEND,MODERATE,2026-07-31
CLEAN,1.0,2,0,0,2,0,0,CHEMICALS,2026-02-06,DIVIDEND,MODERATE,2026-07-31
NLCINDIA,1.0,2,0,0,2,0,0,POWER,2026-01-20,DIVIDEND,MODERATE,2026-07-31
NMDC,1.0,2,0,0,2,0,0,METAL,2026-02-13,DIVIDEND,MODERATE,2026-07-31
APTUS,1.0,2,0,0,2,0,0,FINANCIAL_SERVICES,2026-05-15,DIVIDEND,MODERATE,2026-07-31
AQYLON,1.0,1,0,0,0,1,0,MEDIA,2026-03-05,SPLIT,MODERATE,2026-07-31
ARE&M,1.0,2,0,0,2,0,0,AUTO,2025-11-13,DIVIDEND,MODERATE,2026-07-31
SUPREMEIND,1.0,2,0,0,2,0,0,REALTY,2026-06-25,DIVIDEND,MODERATE,2026-07-31
SURYAROSNI,1.0,2,0,0,2,0,0,METAL,2025-11-17,DIVIDEND,MODERATE,2026-07-31
TALBROAUTO,1.0,2,0,0,2,0,0,AUTO,2025-11-20,DIVIDEND,MODERATE,2026-07-31
PGHH,1.0,2,0,0,2,0,0,PHARMA,2026-02-05,DIVIDEND,MODERATE,2026-07-31
PGHL,1.0,2,0,0,2,0,0,PHARMA,2026-02-12,DIVIDEND,MODERATE,2026-07-31
PGIL,1.0,2,0,0,2,0,0,TEXTILES,2026-05-21,DIVIDEND,MODERATE,2026-07-31
PIIND,1.0,2,0,0,2,0,0,CHEMICALS,2026-02-23,DIVIDEND,MODERATE,2026-07-31
POKARNA,1.0,2,0,0,2,0,0,REALTY,2026-07-20,DIVIDEND,MODERATE,2026-07-31
POLYPLEX,1.0,2,0,0,2,0,0,CHEMICALS,2025-11-21,DIVIDEND,MODERATE,2026-07-31
PPAP,1.0,2,0,0,2,0,0,AUTO,2025-11-19,DIVIDEND,MODERATE,2026-07-31
PPL,1.0,2,0,0,2,0,0,CAPITAL_GOODS,2025-12-24,DIVIDEND,MODERATE,2026-07-31
OFSS,1.0,2,0,0,2,0,0,FINANCIAL_SERVICES,2026-05-07,DIVIDEND,MODERATE,2026-07-31
CARERATING,1.0,2,0,0,2,0,0,FINANCIAL_SERVICES,2026-06-25,DIVIDEND,MODERATE,2026-07-31
CASTROLIND,1.0,2,0,0,2,0,0,ENERGY,2026-03-23,DIVIDEND,MODERATE,2026-07-31
CCL,1.0,2,0,0,2,0,0,FMCG,2026-02-10,DIVIDEND,MODERATE,2026-07-31
CEMPRO,1.0,2,0,0,2,0,0,INFRASTRUCTURE,2026-06-12,DIVIDEND,MODERATE,2026-07-31
MRF,1.0,2,0,0,2,0,0,AUTO,2026-02-13,DIVIDEND,MODERATE,2026-07-31
NAM-INDIA,1.0,2,0,0,2,0,0,AMC,2026-06-25,DIVIDEND,MODERATE,2026-07-31
COLPAL,1.0,2,0,0,2,0,0,FMCG,2026-06-01,DIVIDEND,MODERATE,2026-07-31
RELIANCE,1.0,2,0,0,2,0,0,ENERGY,2026-06-05,DIVIDEND,MODERATE,2026-07-31
REMSONSIND,1.0,2,0,0,2,0,0,REALTY,2026-06-03,DIVIDEND,MODERATE,2026-07-31
ROLEXRINGS,1.0,1,0,0,0,1,0,AUTO,2025-10-17,SPLIT,MODERATE,2026-07-31
RAMAPHO,1.0,2,0,0,2,0,0,CHEMICALS,2025-10-20,DIVIDEND,MODERATE,2026-07-31
STYRENIX,1.0,2,0,0,2,0,0,CHEMICALS,2026-02-05,DIVIDEND,MODERATE,2026-07-31
SUMEETINDS,1.0,1,0,0,0,1,0,REALTY,2025-10-03,SPLIT,MODERATE,2026-07-31
SUNDARMFIN,1.0,2,0,0,2,0,0,FINANCIAL_SERVICES,2026-07-06,DIVIDEND,MODERATE,2026-07-31
SUNDRMFAST,1.0,2,0,0,2,0,0,AUTO,2026-05-08,DIVIDEND,MODERATE,2026-07-31
SUPRAJIT,1.0,2,0,0,2,0,0,AUTO,2026-02-13,DIVIDEND,MODERATE,2026-07-31
APOLLOHOSP,1.0,2,0,0,2,0,0,HEALTHCARE,2026-02-16,DIVIDEND,MODERATE,2026-07-31
NAUKRI,1.0,2,0,0,2,0,0,RETAIL,2026-02-20,DIVIDEND,MODERATE,2026-07-31
NAVA,1.0,2,0,0,2,0,0,POWER,2025-11-14,DIVIDEND,MODERATE,2026-07-31
NAVINFLUOR,1.0,2,0,0,2,0,0,CHEMICALS,2026-06-12,DIVIDEND,MODERATE,2026-07-31
NCLIND,1.0,2,0,0,2,0,0,CEMENT,2026-02-20,DIVIDEND,MODERATE,2026-07-31
NH,1.0,2,0,0,2,0,0,HEALTHCARE,2026-07-17,DIVIDEND,MODERATE,2026-07-31
MOLDTKPAC,1.0,2,0,0,2,0,0,CHEMICALS,2026-04-24,DIVIDEND,MODERATE,2026-07-31
TECHM,1.0,2,0,0,2,0,0,IT,2026-07-03,DIVIDEND,MODERATE,2026-07-31
ALLDIGI,1.0,2,0,0,2,0,0,IT,2026-02-04,DIVIDEND,MODERATE,2026-07-31
APCOTEXIND,1.0,2,0,0,2,0,0,FINANCIAL_SERVICES,2026-06-12,DIVIDEND,MODERATE,2026-07-31
TMB,1.0,2,0,0,2,0,0,REALTY,2026-06-12,DIVIDEND,MODERATE,2026-07-31
TORNTPHARM,1.0,2,0,0,2,0,0,PHARMA,2026-05-29,DIVIDEND,MODERATE,2026-07-31
TRITURBINE,1.0,2,0,0,2,0,0,CAPITAL_GOODS,2026-02-09,DIVIDEND,MODERATE,2026-07-31
TRIVENI,1.0,2,0,0,2,0,0,CAPITAL_GOODS,2026-02-06,DIVIDEND,MODERATE,2026-07-31
MOTHERSON,1.0,2,0,0,2,0,0,CAPITAL_GOODS,2026-07-14,DIVIDEND,MODERATE,2026-07-31
DDEVPLSTIK,1.0,2,0,0,2,0,0,CHEMICALS,2026-02-20,DIVIDEND,MODERATE,2026-07-31
MAITHANALL,1.0,2,0,0,2,0,0,METAL,2026-05-22,DIVIDEND,MODERATE,2026-07-31
MANINFRA,1.0,2,0,0,2,0,0,REALTY,2026-05-19,DIVIDEND,MODERATE,2026-07-31
MASFIN,1.0,2,0,0,2,0,0,FINANCIAL_SERVICES,2026-02-04,DIVIDEND,MODERATE,2026-07-31
MASTEK,1.0,2,0,0,2,0,0,IT,2026-01-30,DIVIDEND,MODERATE,2026-07-31
SANOFI,1.0,2,0,0,2,0,0,PHARMA,2026-04-22,DIVIDEND,MODERATE,2026-07-31
SBCL,1.0,2,0,0,2,0,0,METAL,2026-02-13,DIVIDEND,MODERATE,2026-07-31
SENCO,1.0,2,0,0,2,0,0,FMCG,2026-02-20,DIVIDEND,MODERATE,2026-07-31
SHARDACROP,1.0,2,0,0,2,0,0,CHEMICALS,2026-02-06,DIVIDEND,MODERATE,2026-07-31
SHK,1.0,2,0,0,2,0,0,CHEMICALS,2026-02-13,DIVIDEND,MODERATE,2026-07-31
TANLA,1.0,2,0,0,2,0,0,IT,2026-04-30,DIVIDEND,MODERATE,2026-07-31
RCF,1.0,2,0,0,2,0,0,CHEMICALS,2026-02-20,DIVIDEND,MODERATE,2026-07-31
REDTAPE,1.0,2,0,0,2,0,0,FMCG,2026-07-31,DIVIDEND,MODERATE,2026-07-31
BAYERCROP,1.0,2,0,0,2,0,0,CHEMICALS,2025-11-14,DIVIDEND,MODERATE,2026-07-31
BBL,1.0,2,0,0,2,0,0,CAPITAL_GOODS,2026-07-15,DIVIDEND,MODERATE,2026-07-31
BDL,1.0,2,0,0,2,0,0,DEFENCE,2026-02-09,DIVIDEND,MODERATE,2026-07-31
BEL,1.0,2,0,0,2,0,0,DEFENCE,2026-03-06,DIVIDEND,MODERATE,2026-07-31
DALBHARAT,1.0,2,0,0,2,0,0,FMCG,2026-06-23,DIVIDEND,MODERATE,2026-07-31
METROBRAND,1.0,2,0,0,2,0,0,FMCG,2026-02-02,DIVIDEND,MODERATE,2026-07-31
MGL,1.0,2,0,0,2,0,0,ENERGY,2026-02-13,DIVIDEND,MODERATE,2026-07-31
MINDACORP,1.0,2,0,0,2,0,0,AUTO,2026-02-13,DIVIDEND,MODERATE,2026-07-31
MODISONLTD,1.0,2,0,0,2,0,0,OTHER,2025-12-08,DIVIDEND,MODERATE,2026-07-31
KOTAKBANK,1.0,1,0,0,0,1,0,BANKING,2026-01-14,SPLIT,MODERATE,2026-07-31
KOTHARIPET,1.0,2,0,0,2,0,0,CHEMICALS,2026-05-11,DIVIDEND,MODERATE,2026-07-31
KRITINUT,1.0,2,0,0,2,0,0,OTHER,2025-11-13,DIVIDEND,MODERATE,2026-07-31
KSOLVES,1.0,2,0,0,2,0,0,IT,2026-01-27,DIVIDEND,MODERATE,2026-07-31
LAURUSLABS,1.0,2,0,0,2,0,0,PHARMA,2026-05-08,DIVIDEND,MODERATE,2026-07-31
LEMERITE,1.0,1,0,0,0,1,0,TEXTILES,2026-05-29,SPLIT,MODERATE,2026-07-31
LTTS,1.0,2,0,0,2,0,0,IT,2026-05-22,DIVIDEND,MODERATE,2026-07-31
MAHABANK,1.0,2,0,0,2,0,0,BANKING,2026-06-05,DIVIDEND,MODERATE,2026-07-31
MAHSCOOTER,1.0,2,0,0,2,0,0,FINANCIAL_SERVICES,2026-06-30,DIVIDEND,MODERATE,2026-07-31
DCW,1.0,2,0,0,2,0,0,CHEMICALS,2026-02-20,DIVIDEND,MODERATE,2026-07-31
JAICORPLTD,1.0,2,0,0,2,0,0,CAPITAL_GOODS,2025-09-19,DIVIDEND,MODERATE,2026-07-31
JAMNAAUTO,1.0,2,0,0,2,0,0,AUTO,2025-11-19,DIVIDEND,MODERATE,2026-07-31
JASH,1.0,2,0,0,2,0,0,CAPITAL_GOODS,2026-04-10,DIVIDEND,MODERATE,2026-07-31
JBCHEPHARM,1.0,2,0,0,2,0,0,PHARMA,2026-05-29,DIVIDEND,MODERATE,2026-07-31
DVL,1.0,2,0,0,2,0,0,DIVERSIFIED,2026-02-27,DIVIDEND,MODERATE,2026-07-31
E2E,1.0,1,0,0,0,1,0,IT,2026-06-05,SPLIT,MODERATE,2026-07-31
JMFINANCIL,1.0,2,0,0,2,0,0,FINANCIAL_SERVICES,2026-06-12,DIVIDEND,MODERATE,2026-07-31
JSL,1.0,2,0,0,2,0,0,METAL,2026-01-29,DIVIDEND,MODERATE,2026-07-31
JYOTHYLAB,1.0,2,0,0,2,0,0,FMCG,2026-06-29,DIVIDEND,MODERATE,2026-07-31
KAJARIACER,1.0,2,0,0,2,0,0,CAPITAL_GOODS,2025-10-24,DIVIDEND,MODERATE,2026-07-31
KDDL,1.0,2,0,0,2,0,0,FMCG,2025-11-14,DIVIDEND,MODERATE,2026-07-31
KIRLOSENG,1.0,2,0,0,2,0,0,CAPITAL_GOODS,2026-02-20,DIVIDEND,MODERATE,2026-07-31
KKCL,1.0,2,0,0,2,0,0,TEXTILES,2026-05-14,DIVIDEND,MODERATE,2026-07-31
KMEW,1.0,1,0,0,0,1,0,INFRASTRUCTURE,2025-12-22,SPLIT,MODERATE,2026-07-31
ICICIGI,1.0,2,0,0,2,0,0,FINANCIAL_SERVICES,2026-05-29,DIVIDEND,MODERATE,2026-07-31
IEX,1.0,2,0,0,2,0,0,FINANCIAL_SERVICES,2026-05-15,DIVIDEND,MODERATE,2026-07-31
IGIL,1.0,2,0,0,2,0,0,FMCG,2026-02-17,DIVIDEND,MODERATE,2026-07-31
IGL,1.0,2,0,0,2,0,0,ENERGY,2026-02-18,DIVIDEND,MODERATE,2026-07-31
ELECON,1.0,2,0,0,2,0,0,CAPITAL_GOODS,2026-06-12,DIVIDEND,MODERATE,2026-07-31
EMAMILTD,1.0,2,0,0,2,0,0,FMCG,2026-02-10,DIVIDEND,MODERATE,2026-07-31
SOMANYCERA,1.0,2,0,0,2,0,0,CAPITAL_GOODS,2026-05-08,DIVIDEND,MODERATE,2026-07-31
SONACOMS,1.0,2,0,0,2,0,0,AUTO,2026-06-25,DIVIDEND,MODERATE,2026-07-31
ASHIANA,1.0,2,0,0,2,0,0,REALTY,2026-02-18,DIVIDEND,MODERATE,2026-07-31
ASHOKLEY,1.0,2,0,0,2,0,0,AUTO,2026-06-03,DIVIDEND,MODERATE,2026-07-31
ASIANPAINT,1.0,2,0,0,2,0,0,CHEMICALS,2026-06-23,DIVIDEND,MODERATE,2026-07-31
RPEL,1.0,2,0,0,2,0,0,CAPITAL_GOODS,2026-06-19,DIVIDEND,MODERATE,2026-07-31
RRKABEL,1.0,2,0,0,2,0,0,CAPITAL_GOODS,2026-06-16,DIVIDEND,MODERATE,2026-07-31
RVNL,1.0,2,0,0,2,0,0,INFRASTRUCTURE,2026-02-11,DIVIDEND,MODERATE,2026-07-31
SAFARI,1.0,2,0,0,2,0,0,CHEMICALS,2026-07-17,DIVIDEND,MODERATE,2026-07-31
BAJAJHLDNG,1.0,2,0,0,2,0,0,FINANCIAL_SERVICES,2026-06-30,DIVIDEND,MODERATE,2026-07-31
BALMLAWRIE,1.0,2,0,0,2,0,0,DIVERSIFIED,2026-03-11,DIVIDEND,MODERATE,2026-07-31
BANCOINDIA,1.0,2,0,0,2,0,0,AUTO,2026-03-18,DIVIDEND,MODERATE,2026-07-31
SAKSOFT,1.0,2,0,0,2,0,0,IT,2025-11-14,DIVIDEND,MODERATE,2026-07-31
EPL,1.0,2,0,0,2,0,0,CHEMICALS,2025-11-17,DIVIDEND,MODERATE,2026-07-31
IRCON,1.0,2,0,0,2,0,0,INFRASTRUCTURE,2026-02-17,DIVIDEND,MODERATE,2026-07-31
IRFC,1.0,2,0,0,2,0,0,FINANCIAL_SERVICES,2026-03-13,DIVIDEND,MODERATE,2026-07-31
ITC,1.0,2,0,0,2,0,0,FMCG,2026-05-27,DIVIDEND,MODERATE,2026-07-31
IVC,1.0,2,0,0,2,0,0,FINANCIAL_SERVICES,2025-11-21,DIVIDEND,MODERATE,2026-07-31
UNITDSPR,1.0,2,0,0,2,0,0,FMCG,2026-01-27,DIVIDEND,MODERATE,2026-07-31
ALICON,1.0,2,0,0,2,0,0,AUTO,2026-05-19,DIVIDEND,MODERATE,2026-07-31
ALKEM,1.0,2,0,0,2,0,0,PHARMA,2026-02-20,DIVIDEND,MODERATE,2026-07-31
HIKAL,1.0,2,0,0,2,0,0,PHARMA,2026-02-17,DIVIDEND,MODERATE,2026-07-31
HINDCOPPER,1.0,2,0,0,2,0,0,METAL,2026-02-13,DIVIDEND,MODERATE,2026-07-31
HINDPETRO,1.0,2,0,0,2,0,0,CHEMICALS,2025-11-06,DIVIDEND,MODERATE,2026-07-31
HINDUNILVR,1.0,3,0,0,2,0,0,FMCG,2026-06-23,DIVIDEND,MODERATE,2026-07-31
AURIONPRO,1.0,2,0,0,2,0,0,IT,2025-11-10,DIVIDEND,MODERATE,2026-07-31
AVROIND,1.0,1,0,0,0,1,0,FMCG,2026-05-05,SPLIT,MODERATE,2026-07-31
AVTNPL,1.0,2,0,0,2,0,0,AGRICULTURE,2026-02-18,DIVIDEND,MODERATE,2026-07-31
SHRIPISTON,1.0,2,0,0,2,0,0,AUTO,2026-07-20,DIVIDEND,MODERATE,2026-07-31
SHRIRAMFIN,1.0,2,0,0,2,0,0,FINANCIAL_SERVICES,2026-07-03,DIVIDEND,MODERATE,2026-07-31
SJVN,1.0,2,0,0,2,0,0,POWER,2026-02-20,DIVIDEND,MODERATE,2026-07-31
UNOMINDA,1.0,2,0,0,2,0,0,AUTO,2026-05-29,DIVIDEND,MODERATE,2026-07-31
V2RETAIL,1.0,1,0,0,0,1,0,RETAIL,2026-03-25,SPLIT,MODERATE,2026-07-31
VEDL,1.0,3,0,0,2,0,0,METAL,2026-04-30,MERGER,MODERATE,2026-07-31
VEEDOL,1.0,2,0,0,2,0,0,ENERGY,2026-02-06,DIVIDEND,MODERATE,2026-07-31
ICICIAMC,1.0,2,0,0,2,0,0,AMC,2026-06-12,DIVIDEND,MODERATE,2026-07-31
VGL,1.0,1,0,0,0,1,0,TEXTILES,2026-03-02,SPLIT,MODERATE,2026-07-31
AARTIPHARM,1.0,2,0,0,2,0,0,PHARMA,2026-02-16,DIVIDEND,MODERATE,2026-07-31
ABB,1.0,2,0,0,2,0,0,CAPITAL_GOODS,2026-04-30,DIVIDEND,MODERATE,2026-07-31
ACCELYA,1.0,2,0,0,2,0,0,IT,2026-02-06,DIVIDEND,MODERATE,2026-07-31
GPPL,1.0,2,0,0,2,0,0,INFRASTRUCTURE,2025-11-12,DIVIDEND,MODERATE,2026-07-31
GRANULES,1.0,2,0,0,2,0,0,PHARMA,2026-07-30,DIVIDEND,MODERATE,2026-07-31
GILLETTE,1.0,2,0,0,2,0,0,FMCG,2026-02-04,DIVIDEND,MODERATE,2026-07-31
GLENMARK,1.0,2,0,0,2,0,0,PHARMA,2025-10-03,DIVIDEND,MODERATE,2026-07-31
360ONE,1.0,2,0,0,2,0,0,FINANCIAL_SERVICES,2026-04-27,DIVIDEND,MODERATE,2026-07-31
GOKULAGRO,1.0,1,0,0,0,1,0,FMCG,2025-10-14,SPLIT,MODERATE,2026-07-31
GOLDIAM,1.0,2,0,0,2,0,0,FMCG,2026-02-12,DIVIDEND,MODERATE,2026-07-31
GOODLUCK,1.0,2,0,0,2,0,0,METAL,2026-02-18,DIVIDEND,MODERATE,2026-07-31
VENUSPIPES,1.0,2,0,0,2,0,0,METAL,2025-11-18,DIVIDEND,MODERATE,2026-07-31
AGI,0.5,1,0,0,1,0,0,CHEMICALS,2025-08-22,DIVIDEND,NEUTRAL,2026-07-31
AGARIND,0.5,1,0,0,1,0,0,CHEMICALS,2025-09-16,DIVIDEND,NEUTRAL,2026-07-31
AEROENTER,0.5,1,0,0,1,0,0,METAL,2025-09-08,DIVIDEND,NEUTRAL,2026-07-31
ADSL,0.5,1,0,0,1,0,0,IT,2025-09-04,DIVIDEND,NEUTRAL,2026-07-31
ADANIPORTS,0.5,1,0,0,1,0,0,LOGISTICS,2026-06-12,DIVIDEND,NEUTRAL,2026-07-31
ACUTAAS,0.5,1,0,0,1,0,0,PHARMA,2025-09-18,DIVIDEND,NEUTRAL,2026-07-31
ACMESOLAR,0.5,1,0,0,1,0,0,POWER,2026-02-06,DIVIDEND,NEUTRAL,2026-07-31
ACI,0.5,1,0,0,1,0,0,CHEMICALS,2026-06-05,DIVIDEND,NEUTRAL,2026-07-31
VISHNU,0.5,1,0,0,1,0,0,CHEMICALS,2025-08-08,DIVIDEND,NEUTRAL,2026-07-31
VINYLINDIA,0.5,1,0,0,1,0,0,CHEMICALS,2026-05-22,DIVIDEND,NEUTRAL,2026-07-31
VINDHYATEL,0.5,1,0,0,1,0,0,TELECOM,2025-09-04,DIVIDEND,NEUTRAL,2026-07-31
VINCOFE,0.5,1,0,0,1,0,0,FMCG,2025-09-22,DIVIDEND,NEUTRAL,2026-07-31
VINATIORGA,0.5,1,0,0,1,0,0,CHEMICALS,2025-09-19,DIVIDEND,NEUTRAL,2026-07-31
VIMTALABS,0.5,1,0,0,1,0,0,HEALTHCARE,2026-06-18,DIVIDEND,NEUTRAL,2026-07-31
GLAND,0.5,1,0,0,1,0,0,PHARMA,2025-08-14,DIVIDEND,NEUTRAL,2026-07-31
GIPCL,0.5,1,0,0,1,0,0,CAPITAL_GOODS,2025-09-12,DIVIDEND,NEUTRAL,2026-07-31
GICRE,0.5,1,0,0,1,0,0,FINANCIAL_SERVICES,2025-09-04,DIVIDEND,NEUTRAL,2026-07-31
GENUSPOWER,0.5,2,0,0,1,0,0,INFRASTRUCTURE,2026-02-06,MERGER,NEUTRAL,2026-07-31
GEECEE,0.5,1,0,0,1,0,0,REALTY,2025-09-03,DIVIDEND,NEUTRAL,2026-07-31
GANESHHOU,0.5,1,0,0,1,0,0,REALTY,2025-08-29,DIVIDEND,NEUTRAL,2026-07-31
GANESHCP,0.5,1,0,0,1,0,0,FMCG,2025-11-14,DIVIDEND,NEUTRAL,2026-07-31
GANECOS,0.5,1,0,0,1,0,0,TEXTILES,2025-09-19,DIVIDEND,NEUTRAL,2026-07-31
ZODIAC,0.5,1,0,0,1,0,0,OTHER,2025-09-12,DIVIDEND,NEUTRAL,2026-07-31
ZFCVINDIA,0.5,1,0,0,1,0,0,FINANCIAL_SERVICES,2025-08-08,DIVIDEND,NEUTRAL,2026-07-31
ZENTEC,0.5,1,0,0,1,0,0,DEFENCE,2025-08-14,DIVIDEND,NEUTRAL,2026-07-31
ZENSARTECH,0.5,1,0,0,1,0,0,FMCG,2026-01-29,DIVIDEND,NEUTRAL,2026-07-31
ZEEL,0.5,1,0,0,1,0,0,MEDIA,2025-08-29,DIVIDEND,NEUTRAL,2026-07-31
YUKEN,0.5,1,0,0,1,0,0,CAPITAL_GOODS,2025-08-29,DIVIDEND,NEUTRAL,2026-07-31
YASHO,0.5,1,0,0,1,0,0,CHEMICALS,2025-09-02,DIVIDEND,NEUTRAL,2026-07-31
XTGLOBAL,0.5,1,0,0,1,0,0,IT,2025-11-21,DIVIDEND,NEUTRAL,2026-07-31
GRINFRA,0.5,1,0,0,1,0,0,INFRASTRUCTURE,2026-02-18,DIVIDEND,NEUTRAL,2026-07-31
GRINDWELL,0.5,1,0,0,1,0,0,CAPITAL_GOODS,2026-07-10,DIVIDEND,NEUTRAL,2026-07-31
GREENPLY,0.5,1,0,0,1,0,0,REALTY,2025-08-04,DIVIDEND,NEUTRAL,2026-07-31
GREENPANEL,0.5,1,0,0,1,0,0,REALTY,2026-07-31,DIVIDEND,NEUTRAL,2026-07-31
GRASIM,0.5,1,0,0,1,0,0,CEMENT,2025-08-12,DIVIDEND,NEUTRAL,2026-07-31
GPTHEALTH,0.5,1,0,0,1,0,0,HEALTHCARE,2025-11-14,DIVIDEND,NEUTRAL,2026-07-31
GPIL,0.5,1,0,0,1,0,0,METAL,2025-08-14,DIVIDEND,NEUTRAL,2026-07-31
GODREJPROP,0.5,1,0,0,1,0,0,REALTY,2026-07-28,DIVIDEND,NEUTRAL,2026-07-31
GODREJAGRO,0.5,1,0,0,1,0,0,AGRICULTURE,2025-07-31,DIVIDEND,NEUTRAL,2026-07-31
GNFC,0.5,1,0,0,1,0,0,CHEMICALS,2025-09-02,DIVIDEND,NEUTRAL,2026-07-31
GMMPFAUDLR,0.5,1,0,0,1,0,0,CAPITAL_GOODS,2025-11-17,DIVIDEND,NEUTRAL,2026-07-31
GMDCLTD,0.5,1,0,0,1,0,0,REALTY,2025-09-18,DIVIDEND,NEUTRAL,2026-07-31
GMBREW,0.5,1,0,0,1,0,0,FMCG,2026-05-21,DIVIDEND,NEUTRAL,2026-07-31
GLOBUSSPR,0.5,1,0,0,1,0,0,FMCG,2025-08-11,DIVIDEND,NEUTRAL,2026-07-31
GLOBAL,0.5,1,0,0,1,0,0,HEALTHCARE,2025-11-12,DIVIDEND,NEUTRAL,2026-07-31
GLAXO,0.5,1,0,0,1,0,0,PHARMA,2026-05-29,DIVIDEND,NEUTRAL,2026-07-31
GUFICBIO,0.5,1,0,0,1,0,0,PHARMA,2025-09-22,DIVIDEND,NEUTRAL,2026-07-31
GANDHITUBE,0.5,1,0,0,1,0,0,METAL,2025-08-04,DIVIDEND,NEUTRAL,2026-07-31
GALLANTT,0.5,1,0,0,1,0,0,METAL,2025-09-12,DIVIDEND,NEUTRAL,2026-07-31
GALAXYSURF,0.5,1,0,0,1,0,0,CHEMICALS,2025-08-01,DIVIDEND,NEUTRAL,2026-07-31
GAEL,0.5,1,0,0,1,0,0,AGRICULTURE,2025-08-22,DIVIDEND,NEUTRAL,2026-07-31
FSL,0.5,1,0,0,1,0,0,IT,2026-02-20,DIVIDEND,NEUTRAL,2026-07-31
FOSECOIND,0.5,1,0,0,1,0,0,CHEMICALS,2026-06-03,DIVIDEND,NEUTRAL,2026-07-31
FORCEMOT,0.5,1,0,0,1,0,0,AUTO,2025-09-10,DIVIDEND,NEUTRAL,2026-07-31
FOODSIN,0.5,1,0,0,1,0,0,FMCG,2025-09-15,DIVIDEND,NEUTRAL,2026-07-31
FLUOROCHEM,0.5,1,0,0,1,0,0,CHEMICALS,2025-09-22,DIVIDEND,NEUTRAL,2026-07-31
FINPIPE,0.5,1,0,0,1,0,0,CHEMICALS,2025-09-04,DIVIDEND,NEUTRAL,2026-07-31
GTPL,0.5,1,0,0,1,0,0,MEDIA,2025-09-19,DIVIDEND,NEUTRAL,2026-07-31
GSPL,0.5,1,0,0,1,0,0,OTHER,2025-09-10,DIVIDEND,NEUTRAL,2026-07-31
GSFC,0.5,1,0,0,1,0,0,CHEMICALS,2025-09-08,DIVIDEND,NEUTRAL,2026-07-31
GRWRHITECH,0.5,1,0,0,1,0,0,CAPITAL_GOODS,2025-09-17,DIVIDEND,NEUTRAL,2026-07-31
GROBTEA,0.5,1,0,0,1,0,0,FMCG,2025-08-05,DIVIDEND,NEUTRAL,2026-07-31
HEIDELBERG,0.5,1,0,0,1,0,0,CEMENT,2025-09-12,DIVIDEND,NEUTRAL,2026-07-31
HEG,0.5,1,0,0,1,0,0,CAPITAL_GOODS,2025-08-13,DIVIDEND,NEUTRAL,2026-07-31
HDFCLIFE,0.5,1,0,0,1,0,0,FINANCIAL_SERVICES,2026-06-19,DIVIDEND,NEUTRAL,2026-07-31
HATSUN,0.5,1,0,0,1,0,0,FMCG,2026-05-26,DIVIDEND,NEUTRAL,2026-07-31
HARSHA,0.5,1,0,0,1,0,0,CAPITAL_GOODS,2025-08-29,DIVIDEND,NEUTRAL,2026-07-31
HARIOMPIPE,0.5,1,0,0,1,0,0,METAL,2025-09-23,DIVIDEND,NEUTRAL,2026-07-31
HAPPSTMNDS,0.5,1,0,0,1,0,0,IT,2025-11-04,DIVIDEND,NEUTRAL,2026-07-31
HALEOSLABS,0.5,1,0,0,1,0,0,PHARMA,2025-09-24,DIVIDEND,NEUTRAL,2026-07-31
GVT&D,0.5,1,0,0,1,0,0,CAPITAL_GOODS,2025-08-22,DIVIDEND,NEUTRAL,2026-07-31
GULPOLY,0.5,1,0,0,1,0,0,AGRICULTURE,2025-09-11,DIVIDEND,NEUTRAL,2026-07-31
GUJTHEM,0.5,1,0,0,1,0,0,PHARMA,2025-09-04,DIVIDEND,NEUTRAL,2026-07-31
GUJGASLTD,0.5,1,0,0,1,0,0,ENERGY,2025-09-04,DIVIDEND,NEUTRAL,2026-07-31
GUJAPOLLO,0.5,1,0,0,1,0,0,CHEMICALS,2025-09-23,DIVIDEND,NEUTRAL,2026-07-31
GUJALKALI,0.5,1,0,0,1,0,0,CHEMICALS,2025-09-19,DIVIDEND,NEUTRAL,2026-07-31
FEDERALBNK,0.5,1,0,0,1,0,0,BANKING,2025-08-22,DIVIDEND,NEUTRAL,2026-07-31
FDC,0.5,1,0,0,1,0,0,PHARMA,2026-02-11,DIVIDEND,NEUTRAL,2026-07-31
FACT,0.5,1,0,0,1,0,0,CHEMICALS,2025-09-19,DIVIDEND,NEUTRAL,2026-07-31
EXIDEIND,0.5,1,0,0,1,0,0,AUTO,2026-07-03,DIVIDEND,NEUTRAL,2026-07-31
EXCELINDUS,0.5,1,0,0,1,0,0,CHEMICALS,2025-08-14,DIVIDEND,NEUTRAL,2026-07-31
EVERESTIND,0.5,1,0,0,1,0,0,INFRASTRUCTURE,2025-09-12,DIVIDEND,NEUTRAL,2026-07-31
EUROPRATIK,0.5,1,0,0,1,0,0,REALTY,2026-03-27,DIVIDEND,NEUTRAL,2026-07-31
ESTER,0.5,1,0,0,1,0,0,CHEMICALS,2025-09-19,DIVIDEND,NEUTRAL,2026-07-31
ESCORTS,0.5,1,0,0,1,0,0,AUTO,2026-02-16,DIVIDEND,NEUTRAL,2026-07-31
ERIS,0.5,1,0,0,1,0,0,PHARMA,2026-05-29,DIVIDEND,NEUTRAL,2026-07-31
HGINFRA,0.5,1,0,0,1,0,0,INFRASTRUCTURE,2025-08-12,DIVIDEND,NEUTRAL,2026-07-31
HFCL,0.5,1,0,0,1,0,0,TELECOM,2025-09-08,DIVIDEND,NEUTRAL,2026-07-31
HESTERBIO,0.5,1,0,0,1,0,0,PHARMA,2025-08-06,DIVIDEND,NEUTRAL,2026-07-31
HERITGFOOD,0.5,1,0,0,1,0,0,FMCG,2026-07-15,DIVIDEND,NEUTRAL,2026-07-31
HERANBA,0.5,1,0,0,1,0,0,CHEMICALS,2025-09-17,DIVIDEND,NEUTRAL,2026-07-31
HSCL,0.5,1,0,0,1,0,0,CHEMICALS,2026-05-22,DIVIDEND,NEUTRAL,2026-07-31
HPL,0.5,1,0,0,1,0,0,CAPITAL_GOODS,2025-09-22,DIVIDEND,NEUTRAL,2026-07-31
HPAL,0.5,1,0,0,1,0,0,CHEMICALS,2025-09-23,DIVIDEND,NEUTRAL,2026-07-31
HOMEFIRST,0.5,1,0,0,1,0,0,FINANCIAL_SERVICES,2026-05-29,DIVIDEND,NEUTRAL,2026-07-31
HMAAGRO,0.5,1,0,0,1,0,0,AGRICULTURE,2025-08-22,DIVIDEND,NEUTRAL,2026-07-31
HLEGLAS,0.5,1,0,0,1,0,0,CAPITAL_GOODS,2025-09-19,DIVIDEND,NEUTRAL,2026-07-31
HITECHGEAR,0.5,1,0,0,1,0,0,OTHER,2025-09-19,DIVIDEND,NEUTRAL,2026-07-31
HITECH,0.5,1,0,0,1,0,0,METAL,2025-09-19,DIVIDEND,NEUTRAL,2026-07-31
HISARMETAL,0.5,1,0,0,1,0,0,METAL,2025-09-08,DIVIDEND,NEUTRAL,2026-07-31
HINDZINC,0.5,1,0,0,1,0,0,METAL,2026-04-30,DIVIDEND,NEUTRAL,2026-07-31
HINDCOMPOS,0.5,1,0,0,1,0,0,AUTO,2025-09-18,DIVIDEND,NEUTRAL,2026-07-31
HINDALCO,0.5,1,0,0,1,0,0,METAL,2025-08-08,DIVIDEND,NEUTRAL,2026-07-31
HIMATSEIDE,0.5,1,0,0,1,0,0,TEXTILES,2025-09-19,DIVIDEND,NEUTRAL,2026-07-31
FINCABLES,0.5,1,0,0,1,0,0,CAPITAL_GOODS,2025-09-04,DIVIDEND,NEUTRAL,2026-07-31
FILATEX,0.5,1,0,0,1,0,0,TEXTILES,2025-09-19,DIVIDEND,NEUTRAL,2026-07-31
INDIGO,0.5,1,0,0,1,0,0,AVIATION,2025-08-13,DIVIDEND,NEUTRAL,2026-07-31
INDIANB,0.5,1,0,0,1,0,0,BANKING,2026-06-10,DIVIDEND,NEUTRAL,2026-07-31
INDIAMART,0.5,1,0,0,1,0,0,RETAIL,2026-06-19,DIVIDEND,NEUTRAL,2026-07-31
INDHOTEL,0.5,1,0,0,1,0,0,HOSPITALITY,2026-06-23,DIVIDEND,NEUTRAL,2026-07-31
IMPAL,0.5,1,0,0,1,0,0,AUTO,2026-01-29,DIVIDEND,NEUTRAL,2026-07-31
IMFA,0.5,1,0,0,1,0,0,METAL,2025-11-11,DIVIDEND,NEUTRAL,2026-07-31
IIFLCAPS,0.5,1,0,0,1,0,0,FINANCIAL_SERVICES,2026-02-16,DIVIDEND,NEUTRAL,2026-07-31
IIFL,0.5,1,0,0,1,0,0,FINANCIAL_SERVICES,2026-01-29,DIVIDEND,NEUTRAL,2026-07-31
IGPL,0.5,1,0,0,1,0,0,CHEMICALS,2025-07-31,DIVIDEND,NEUTRAL,2026-07-31
IGARASHI,0.5,1,0,0,1,0,0,AUTO,2025-07-31,DIVIDEND,NEUTRAL,2026-07-31
ICIL,0.5,1,0,0,1,0,0,TEXTILES,2025-08-11,DIVIDEND,NEUTRAL,2026-07-31
ICICIPRULI,0.5,1,0,0,1,0,0,FINANCIAL_SERVICES,2026-06-05,DIVIDEND,NEUTRAL,2026-07-31
ICICIBANK,0.5,1,0,0,1,0,0,BANKING,2025-08-12,DIVIDEND,NEUTRAL,2026-07-31
ICEMAKE,0.5,1,0,0,1,0,0,CAPITAL_GOODS,2025-09-19,DIVIDEND,NEUTRAL,2026-07-31
HYUNDAI,0.5,1,0,0,1,0,0,AUTO,2025-08-05,DIVIDEND,NEUTRAL,2026-07-31
HUHTAMAKI,0.5,1,0,0,1,0,0,CHEMICALS,2026-04-23,DIVIDEND,NEUTRAL,2026-07-31
INTERARCH,0.5,1,0,0,1,0,0,INFRASTRUCTURE,2025-09-15,DIVIDEND,NEUTRAL,2026-07-31
INTENTECH,0.5,1,0,0,1,0,0,IT,2025-09-23,DIVIDEND,NEUTRAL,2026-07-31
INTELLECT,0.5,1,0,0,1,0,0,IT,2026-07-24,DIVIDEND,NEUTRAL,2026-07-31
INSECTICID,0.5,1,0,0,1,0,0,CHEMICALS,2026-02-06,DIVIDEND,NEUTRAL,2026-07-31
INOXINDIA,0.5,1,0,0,1,0,0,CAPITAL_GOODS,2026-06-09,DIVIDEND,NEUTRAL,2026-07-31
INNOVACAP,0.5,1,0,0,1,0,0,PHARMA,2026-01-30,DIVIDEND,NEUTRAL,2026-07-31
INGERRAND,0.5,1,0,0,1,0,0,CAPITAL_GOODS,2025-11-25,DIVIDEND,NEUTRAL,2026-07-31
INDUSINDBK,0.5,1,0,0,1,0,0,BANKING,2026-06-25,DIVIDEND,NEUTRAL,2026-07-31
INDRAMEDCO,0.5,1,0,0,1,0,0,HEALTHCARE,2025-09-18,DIVIDEND,NEUTRAL,2026-07-31
INDOTHAI,0.5,1,0,0,1,0,0,FINANCIAL_SERVICES,2025-08-08,DIVIDEND,NEUTRAL,2026-07-31
INDOCO,0.5,1,0,0,1,0,0,PHARMA,2025-09-04,DIVIDEND,NEUTRAL,2026-07-31
INDOBORAX,0.5,1,0,0,1,0,0,CHEMICALS,2025-09-18,DIVIDEND,NEUTRAL,2026-07-31
INDOAMIN,0.5,1,0,0,1,0,0,CHEMICALS,2025-09-17,DIVIDEND,NEUTRAL,2026-07-31
INDNIPPON,0.5,1,0,0,1,0,0,CAPITAL_GOODS,2026-02-20,DIVIDEND,NEUTRAL,2026-07-31
INDIGOPNTS,0.5,1,0,0,1,0,0,CHEMICALS,2025-08-22,DIVIDEND,NEUTRAL,2026-07-31
IPCALAB,0.5,1,0,0,1,0,0,PHARMA,2025-08-05,DIVIDEND,NEUTRAL,2026-07-31
IONEXCHANG,0.5,1,0,0,1,0,0,INFRASTRUCTURE,2025-09-02,DIVIDEND,NEUTRAL,2026-07-31
EPIGRAL,0.5,1,0,0,1,0,0,CHEMICALS,2026-06-01,DIVIDEND,NEUTRAL,2026-07-31
ENRIN,0.5,1,0,0,1,0,0,CAPITAL_GOODS,2026-01-30,DIVIDEND,NEUTRAL,2026-07-31
ENIL,0.5,1,0,0,1,0,0,MEDIA,2025-09-04,DIVIDEND,NEUTRAL,2026-07-31
ENDURANCE,0.5,1,0,0,1,0,0,AUTO,2025-08-01,DIVIDEND,NEUTRAL,2026-07-31
EMUDHRA,0.5,1,0,0,1,0,0,IT,2026-06-18,DIVIDEND,NEUTRAL,2026-07-31
EMSLIMITED,0.5,1,0,0,1,0,0,INFRASTRUCTURE,2025-09-19,DIVIDEND,NEUTRAL,2026-07-31
EMMBI,0.5,1,0,0,1,0,0,CHEMICALS,2025-09-12,DIVIDEND,NEUTRAL,2026-07-31
EMKAY,0.5,1,0,0,1,0,0,FINANCIAL_SERVICES,2025-08-04,DIVIDEND,NEUTRAL,2026-07-31
EMCURE,0.5,1,0,0,1,0,0,PHARMA,2025-08-14,DIVIDEND,NEUTRAL,2026-07-31
EMAMIPAP,0.5,1,0,0,1,0,0,CHEMICALS,2025-08-26,DIVIDEND,NEUTRAL,2026-07-31
ELECTCAST,0.5,1,0,0,1,0,0,METAL,2025-08-14,DIVIDEND,NEUTRAL,2026-07-31
ELDEHSG,0.5,1,0,0,1,0,0,REALTY,2025-09-18,DIVIDEND,NEUTRAL,2026-07-31
IOLCP,0.5,1,0,0,1,0,0,PHARMA,2026-02-17,DIVIDEND,NEUTRAL,2026-07-31
INTLCONV,0.5,1,0,0,1,0,0,CAPITAL_GOODS,2025-09-17,DIVIDEND,NEUTRAL,2026-07-31
JINDALSTEL,0.5,1,0,0,1,0,0,METAL,2025-08-22,DIVIDEND,NEUTRAL,2026-07-31
JINDALSAW,0.5,1,0,0,1,0,0,METAL,2026-05-22,DIVIDEND,NEUTRAL,2026-07-31
JINDALPOLY,0.5,1,0,0,1,0,0,CHEMICALS,2025-09-23,DIVIDEND,NEUTRAL,2026-07-31
JGCHEM,0.5,1,0,0,1,0,0,CHEMICALS,2025-08-05,DIVIDEND,NEUTRAL,2026-07-31
JBMA,0.5,1,0,0,1,0,0,AUTO,2025-08-26,DIVIDEND,NEUTRAL,2026-07-31
JAYSREETEA,0.5,1,0,0,1,0,0,FMCG,2025-08-05,DIVIDEND,NEUTRAL,2026-07-31
JAYBARMARU,0.5,1,0,0,1,0,0,AUTO,2025-08-26,DIVIDEND,NEUTRAL,2026-07-31
JARO,0.5,1,0,0,1,0,0,HEALTHCARE,2026-01-16,DIVIDEND,NEUTRAL,2026-07-31
JAGRAN,0.5,1,0,0,1,0,0,MEDIA,2026-06-05,DIVIDEND,NEUTRAL,2026-07-31
J&KBANK,0.5,1,0,0,1,0,0,BANKING,2025-08-19,DIVIDEND,NEUTRAL,2026-07-31
ITDC,0.5,1,0,0,1,0,0,CAPITAL_GOODS,2025-09-08,DIVIDEND,NEUTRAL,2026-07-31
ITCHOTELS,0.5,1,0,0,1,0,0,HOSPITALITY,2026-05-21,DIVIDEND,NEUTRAL,2026-07-31
ISGEC,0.5,1,0,0,1,0,0,CAPITAL_GOODS,2025-09-08,DIVIDEND,NEUTRAL,2026-07-31
IRMENERGY,0.5,1,0,0,1,0,0,ENERGY,2025-09-18,DIVIDEND,NEUTRAL,2026-07-31
IREDA,0.5,1,0,0,1,0,0,ENERGY,2026-04-02,DIVIDEND,NEUTRAL,2026-07-31
IPL,0.5,1,0,0,1,0,0,CHEMICALS,2025-08-12,DIVIDEND,NEUTRAL,2026-07-31
ELANTAS,0.5,1,0,0,1,0,0,CHEMICALS,2026-05-05,DIVIDEND,NEUTRAL,2026-07-31
EKC,0.5,1,0,0,1,0,0,CAPITAL_GOODS,2025-08-14,DIVIDEND,NEUTRAL,2026-07-31
EIMCOELECO,0.5,1,0,0,1,0,0,CAPITAL_GOODS,2026-06-12,DIVIDEND,NEUTRAL,2026-07-31
EICHERMOT,0.5,1,0,0,1,0,0,AUTO,2025-08-01,DIVIDEND,NEUTRAL,2026-07-31
EDELWEISS,0.5,1,0,0,1,0,0,FINANCIAL_SERVICES,2025-09-11,DIVIDEND,NEUTRAL,2026-07-31
ECOSMOBLTY,0.5,1,0,0,1,0,0,OTHER,2025-08-20,DIVIDEND,NEUTRAL,2026-07-31
DYNAMATECH,0.5,1,0,0,1,0,0,CAPITAL_GOODS,2026-02-13,DIVIDEND,NEUTRAL,2026-07-31
DWARKESH,0.5,1,0,0,1,0,0,FMCG,2025-08-12,DIVIDEND,NEUTRAL,2026-07-31
DTIL,0.5,1,0,0,1,0,0,FMCG,2025-08-01,DIVIDEND,NEUTRAL,2026-07-31
DSSL,0.5,1,0,0,1,0,0,IT,2025-08-22,DIVIDEND,NEUTRAL,2026-07-31
DPSCLTD,0.5,1,0,0,1,0,0,OTHER,2025-09-12,DIVIDEND,NEUTRAL,2026-07-31
DONEAR,0.5,1,0,0,1,0,0,TEXTILES,2025-09-19,DIVIDEND,NEUTRAL,2026-07-31
JKIL,0.5,1,0,0,1,0,0,INFRASTRUCTURE,2025-09-16,DIVIDEND,NEUTRAL,2026-07-31
JIOFIN,0.5,1,0,0,1,0,0,FINANCIAL_SERVICES,2025-08-11,DIVIDEND,NEUTRAL,2026-07-31
JINDRILL,0.5,1,0,0,1,0,0,ENERGY,2025-08-14,DIVIDEND,NEUTRAL,2026-07-31
KALYANKJIL,0.5,1,0,0,1,0,0,FMCG,2025-09-04,DIVIDEND,NEUTRAL,2026-07-31
KALYANIFRG,0.5,1,0,0,1,0,0,CAPITAL_GOODS,2025-08-22,DIVIDEND,NEUTRAL,2026-07-31
KALAMANDIR,0.5,1,0,0,1,0,0,RETAIL,2025-08-22,DIVIDEND,NEUTRAL,2026-07-31
KAKATCEM,0.5,1,0,0,1,0,0,OTHER,2025-08-21,DIVIDEND,NEUTRAL,2026-07-31
JUBLPHARMA,0.5,1,0,0,1,0,0,PHARMA,2026-07-24,DIVIDEND,NEUTRAL,2026-07-31
JUBLINGREA,0.5,1,0,0,1,0,0,CHEMICALS,2026-02-10,DIVIDEND,NEUTRAL,2026-07-31
JTLIND,0.5,1,0,0,1,0,0,METAL,2025-09-12,DIVIDEND,NEUTRAL,2026-07-31
JTEKTINDIA,0.5,1,0,0,1,0,0,AUTO,2025-08-08,DIVIDEND,NEUTRAL,2026-07-31
JSWENERGY,0.5,1,0,0,1,0,0,POWER,2026-06-05,DIVIDEND,NEUTRAL,2026-07-31
JSLL,0.5,1,0,0,1,0,0,PHARMA,2025-09-22,DIVIDEND,NEUTRAL,2026-07-31
JOCIL,0.5,1,0,0,1,0,0,OTHER,2025-09-04,DIVIDEND,NEUTRAL,2026-07-31
JNKINDIA,0.5,1,0,0,1,0,0,CAPITAL_GOODS,2025-09-18,DIVIDEND,NEUTRAL,2026-07-31
JMA,0.5,1,0,0,1,0,0,AUTO,2025-08-21,DIVIDEND,NEUTRAL,2026-07-31
JLHL,0.5,1,0,0,1,0,0,HEALTHCARE,2026-05-22,DIVIDEND,NEUTRAL,2026-07-31
JKTYRE,0.5,1,0,0,1,0,0,AUTO,2025-07-31,DIVIDEND,NEUTRAL,2026-07-31
JKPAPER,0.5,1,0,0,1,0,0,CHEMICALS,2025-08-18,DIVIDEND,NEUTRAL,2026-07-31
KRBL,0.5,1,0,0,1,0,0,AGRICULTURE,2025-09-17,DIVIDEND,NEUTRAL,2026-07-31
KPRMILL,0.5,1,0,0,1,0,0,TEXTILES,2026-02-13,DIVIDEND,NEUTRAL,2026-07-31
KPITTECH,0.5,1,0,0,1,0,0,CAPITAL_GOODS,2026-02-04,DIVIDEND,NEUTRAL,2026-07-31
KOPRAN,0.5,1,0,0,1,0,0,OTHER,2025-09-04,DIVIDEND,NEUTRAL,2026-07-31
KNRCON,0.5,1,0,0,1,0,0,INFRASTRUCTURE,2025-09-15,DIVIDEND,NEUTRAL,2026-07-31
KITEX,0.5,1,0,0,1,0,0,TEXTILES,2025-09-10,DIVIDEND,NEUTRAL,2026-07-31
KIRLPNU,0.5,1,0,0,1,0,0,CAPITAL_GOODS,2026-01-30,DIVIDEND,NEUTRAL,2026-07-31
KIRLOSIND,0.5,1,0,0,1,0,0,CAPITAL_GOODS,2025-08-06,DIVIDEND,NEUTRAL,2026-07-31
KFINTECH,0.5,1,0,0,1,0,0,METAL,2025-08-22,DIVIDEND,NEUTRAL,2026-07-31
KEYFINSERV,0.5,1,0,0,1,0,0,FINANCIAL_SERVICES,2025-09-19,DIVIDEND,NEUTRAL,2026-07-31
KENNAMET,0.5,1,0,0,1,0,0,CAPITAL_GOODS,2026-05-15,DIVIDEND,NEUTRAL,2026-07-31
KEI,0.5,1,0,0,1,0,0,CAPITAL_GOODS,2026-01-28,DIVIDEND,NEUTRAL,2026-07-31
KCPSUGIND,0.5,1,0,0,1,0,0,FMCG,2025-09-18,DIVIDEND,NEUTRAL,2026-07-31
KCP,0.5,1,0,0,1,0,0,AGRICULTURE,2025-08-04,DIVIDEND,NEUTRAL,2026-07-31
KANPRPLA,0.5,1,0,0,1,0,0,CHEMICALS,2025-09-01,DIVIDEND,NEUTRAL,2026-07-31
KAMDHENU,0.5,1,0,0,1,0,0,METAL,2025-09-18,DIVIDEND,NEUTRAL,2026-07-31
DOMS,0.5,1,0,0,1,0,0,FMCG,2025-09-15,DIVIDEND,NEUTRAL,2026-07-31
DOLATALGO,0.5,1,0,0,1,0,0,FINANCIAL_SERVICES,2026-02-04,DIVIDEND,NEUTRAL,2026-07-31
DMCC,0.5,1,0,0,1,0,0,CHEMICALS,2025-08-22,DIVIDEND,NEUTRAL,2026-07-31
DLINKINDIA,0.5,1,0,0,1,0,0,IT,2025-11-14,DIVIDEND,NEUTRAL,2026-07-31
DIXON,0.5,1,0,0,1,0,0,REALTY,2025-09-16,DIVIDEND,NEUTRAL,2026-07-31
DIVISLAB,0.5,1,0,0,1,0,0,PHARMA,2026-07-24,DIVIDEND,NEUTRAL,2026-07-31
DIVGIITTS,0.5,1,0,0,1,0,0,DEFENCE,2025-09-08,DIVIDEND,NEUTRAL,2026-07-31
DICIND,0.5,1,0,0,1,0,0,CHEMICALS,2026-03-16,DIVIDEND,NEUTRAL,2026-07-31
DIAMONDYD,0.5,1,0,0,1,0,0,FMCG,2025-07-31,DIVIDEND,NEUTRAL,2026-07-31
DIAMINESQ,0.5,1,0,0,1,0,0,CHEMICALS,2025-08-28,DIVIDEND,NEUTRAL,2026-07-31
DHUNINV,0.5,1,0,0,1,0,0,FINANCIAL_SERVICES,2025-08-07,DIVIDEND,NEUTRAL,2026-07-31
DHAMPURSUG,0.5,1,0,0,1,0,0,FMCG,2026-05-26,DIVIDEND,NEUTRAL,2026-07-31
DENTA,0.5,1,0,0,1,0,0,IT,2025-08-14,DIVIDEND,NEUTRAL,2026-07-31
DELTACORP,0.5,1,0,0,1,0,0,HOSPITALITY,2025-08-08,DIVIDEND,NEUTRAL,2026-07-31
KRISHANA,0.5,1,0,0,1,0,0,CHEMICALS,2025-08-26,DIVIDEND,NEUTRAL,2026-07-31
LINC,0.5,1,0,0,1,0,0,FMCG,2025-09-16,DIVIDEND,NEUTRAL,2026-07-31
LICHSGFIN,0.5,1,0,0,1,0,0,FINANCIAL_SERVICES,2025-08-22,DIVIDEND,NEUTRAL,2026-07-31
LGBBROSLTD,0.5,1,0,0,1,0,0,AUTO,2025-08-14,DIVIDEND,NEUTRAL,2026-07-31
LFIC,0.5,1,0,0,1,0,0,FINANCIAL_SERVICES,2025-09-19,DIVIDEND,NEUTRAL,2026-07-31
LAOPALA,0.5,1,0,0,1,0,0,FMCG,2025-08-07,DIVIDEND,NEUTRAL,2026-07-31
LANDMARK,0.5,1,0,0,1,0,0,AUTO,2025-09-15,DIVIDEND,NEUTRAL,2026-07-31
LANCORHOL,0.5,1,0,0,1,0,0,REALTY,2025-09-16,DIVIDEND,NEUTRAL,2026-07-31
LAMBODHARA,0.5,1,0,0,1,0,0,TEXTILES,2025-09-15,DIVIDEND,NEUTRAL,2026-07-31
KUANTUM,0.5,1,0,0,1,0,0,CHEMICALS,2025-08-22,DIVIDEND,NEUTRAL,2026-07-31
KTKBANK,0.5,1,0,0,1,0,0,BANKING,2025-09-16,DIVIDEND,NEUTRAL,2026-07-31
KSL,0.5,1,0,0,1,0,0,METAL,2025-08-11,DIVIDEND,NEUTRAL,2026-07-31
KSCL,0.5,1,0,0,1,0,0,AGRICULTURE,2025-11-12,DIVIDEND,NEUTRAL,2026-07-31
KSB,0.5,1,0,0,1,0,0,CAPITAL_GOODS,2026-05-08,DIVIDEND,NEUTRAL,2026-07-31
KRYSTAL,0.5,1,0,0,1,0,0,OTHER,2025-09-02,DIVIDEND,NEUTRAL,2026-07-31
KRSNAA,0.5,1,0,0,1,0,0,HEALTHCARE,2025-09-12,DIVIDEND,NEUTRAL,2026-07-31
KRONOX,0.5,1,0,0,1,0,0,CHEMICALS,2025-08-08,DIVIDEND,NEUTRAL,2026-07-31
MACPOWER,0.5,1,0,0,1,0,0,CAPITAL_GOODS,2025-09-10,DIVIDEND,NEUTRAL,2026-07-31
M&MFIN,0.5,1,0,0,1,0,0,FINANCIAL_SERVICES,2026-07-13,DIVIDEND,NEUTRAL,2026-07-31
LUXIND,0.5,1,0,0,1,0,0,TEXTILES,2025-09-15,DIVIDEND,NEUTRAL,2026-07-31
LUMAXTECH,0.5,1,0,0,1,0,0,AUTO,2025-08-07,DIVIDEND,NEUTRAL,2026-07-31
LUMAXIND,0.5,1,0,0,1,0,0,AUTO,2025-08-07,DIVIDEND,NEUTRAL,2026-07-31
LTM,0.5,1,0,0,1,0,0,IT,2026-05-25,DIVIDEND,NEUTRAL,2026-07-31
LTIM,0.5,1,0,0,1,0,0,OTHER,2025-10-24,DIVIDEND,NEUTRAL,2026-07-31
LTF,0.5,1,0,0,1,0,0,FINANCIAL_SERVICES,2026-05-22,DIVIDEND,NEUTRAL,2026-07-31
LT,0.5,1,0,0,1,0,0,INFRASTRUCTURE,2026-05-22,DIVIDEND,NEUTRAL,2026-07-31
LODHA,0.5,1,0,0,1,0,0,REALTY,2025-08-22,DIVIDEND,NEUTRAL,2026-07-31
LMW,0.5,1,0,0,1,0,0,CAPITAL_GOODS,2026-07-17,DIVIDEND,NEUTRAL,2026-07-31
LLOYDSME,0.5,1,0,0,1,0,0,METAL,2026-06-12,DIVIDEND,NEUTRAL,2026-07-31
LLOYDSENT,0.5,3,0,0,2,0,1,CAPITAL_GOODS,2025-09-04,DIVIDEND,NEUTRAL,2026-07-31
LLOYDSENGG,0.5,1,0,0,1,0,0,CAPITAL_GOODS,2025-08-14,DIVIDEND,NEUTRAL,2026-07-31
LINDEINDIA,0.5,1,0,0,1,0,0,CHEMICALS,2025-08-07,DIVIDEND,NEUTRAL,2026-07-31
LINCOLN,0.5,1,0,0,1,0,0,PHARMA,2025-09-12,DIVIDEND,NEUTRAL,2026-07-31
DEEPINDS,0.5,1,0,0,1,0,0,ENERGY,2025-08-22,DIVIDEND,NEUTRAL,2026-07-31
DEEPAKNTR,0.5,1,0,0,1,0,0,CHEMICALS,2025-08-04,DIVIDEND,NEUTRAL,2026-07-31
DEEPAKFERT,0.5,1,0,0,1,0,0,CHEMICALS,2025-09-02,DIVIDEND,NEUTRAL,2026-07-31
DECCANCE,0.5,1,0,0,1,0,0,CEMENT,2025-09-16,DIVIDEND,NEUTRAL,2026-07-31
DCBBANK,0.5,1,0,0,1,0,0,BANKING,2026-06-12,DIVIDEND,NEUTRAL,2026-07-31
DBL,0.5,1,0,0,1,0,0,INFRASTRUCTURE,2025-09-08,DIVIDEND,NEUTRAL,2026-07-31
DBEIL,0.5,1,0,0,1,0,0,OTHER,2025-09-19,DIVIDEND,NEUTRAL,2026-07-31
DBCORP,0.5,1,0,0,1,0,0,MEDIA,2026-01-22,DIVIDEND,NEUTRAL,2026-07-31
DATAPATTNS,0.5,1,0,0,1,0,0,DEFENCE,2025-08-01,DIVIDEND,NEUTRAL,2026-07-31
DATAMATICS,0.5,1,0,0,1,0,0,IT,2025-09-11,DIVIDEND,NEUTRAL,2026-07-31
MAHSEAMLES,0.5,1,0,0,1,0,0,METAL,2025-08-14,DIVIDEND,NEUTRAL,2026-07-31
MAHLOG,0.5,1,0,0,1,0,0,LOGISTICS,2026-07-10,DIVIDEND,NEUTRAL,2026-07-31
MAHLIFE,0.5,1,0,0,1,0,0,REALTY,2026-07-03,DIVIDEND,NEUTRAL,2026-07-31
MARUTI,0.5,1,0,0,1,0,0,AUTO,2025-08-01,DIVIDEND,NEUTRAL,2026-07-31
MARKSANS,0.5,1,0,0,1,0,0,PHARMA,2025-08-01,DIVIDEND,NEUTRAL,2026-07-31
MARINE,0.5,1,0,0,1,0,0,CAPITAL_GOODS,2025-09-12,DIVIDEND,NEUTRAL,2026-07-31
MARICO,0.5,1,0,0,1,0,0,FMCG,2025-08-01,DIVIDEND,NEUTRAL,2026-07-31
MARATHON,0.5,1,0,0,1,0,0,REALTY,2025-09-19,DIVIDEND,NEUTRAL,2026-07-31
MANYAVAR,0.5,1,0,0,1,0,0,RETAIL,2025-08-28,DIVIDEND,NEUTRAL,2026-07-31
MANORAMA,0.5,1,0,0,1,0,0,FMCG,2025-08-21,DIVIDEND,NEUTRAL,2026-07-31
MANKIND,0.5,1,0,0,1,0,0,PHARMA,2025-08-08,DIVIDEND,NEUTRAL,2026-07-31
MANGLMCEM,0.5,1,0,0,1,0,0,CEMENT,2025-08-14,DIVIDEND,NEUTRAL,2026-07-31
MANGCHEFER,0.5,1,0,0,1,0,0,OTHER,2025-08-14,DIVIDEND,NEUTRAL,2026-07-31
MANCREDIT,0.5,1,0,0,1,0,0,FINANCIAL_SERVICES,2025-09-17,DIVIDEND,NEUTRAL,2026-07-31
MANALIPETC,0.5,1,0,0,1,0,0,CHEMICALS,2025-09-08,DIVIDEND,NEUTRAL,2026-07-31
MANAKCOAT,0.5,1,0,0,1,0,0,METAL,2025-09-08,DIVIDEND,NEUTRAL,2026-07-31
MANAKALUCO,0.5,1,0,0,1,0,0,METAL,2025-09-08,DIVIDEND,NEUTRAL,2026-07-31
MAMATA,0.5,1,0,0,1,0,0,CAPITAL_GOODS,2025-09-12,DIVIDEND,NEUTRAL,2026-07-31
MALLCOM,0.5,1,0,0,1,0,0,CAPITAL_GOODS,2025-08-22,DIVIDEND,NEUTRAL,2026-07-31
CYIENT,0.5,1,0,0,1,0,0,IT,2025-10-24,DIVIDEND,NEUTRAL,2026-07-31
CUMMINSIND,0.5,1,0,0,1,0,0,CAPITAL_GOODS,2026-02-11,DIVIDEND,NEUTRAL,2026-07-31
CSLFINANCE,0.5,1,0,0,1,0,0,FINANCIAL_SERVICES,2025-09-12,DIVIDEND,NEUTRAL,2026-07-31
CROMPTON,0.5,1,0,0,1,0,0,FMCG,2026-07-24,DIVIDEND,NEUTRAL,2026-07-31
CRIZAC,0.5,1,0,0,1,0,0,RETAIL,2026-02-04,DIVIDEND,NEUTRAL,2026-07-31
CREST,0.5,1,0,0,1,0,0,FINANCIAL_SERVICES,2025-09-23,DIVIDEND,NEUTRAL,2026-07-31
CRAMC,0.5,1,0,0,1,0,0,FINANCIAL_SERVICES,2025-12-22,DIVIDEND,NEUTRAL,2026-07-31
CRAFTSMAN,0.5,1,0,0,1,0,0,AUTO,2026-07-16,DIVIDEND,NEUTRAL,2026-07-31
MENONBE,0.5,1,0,0,1,0,0,AUTO,2025-07-31,DIVIDEND,NEUTRAL,2026-07-31
MEDICAMEQ,0.5,1,0,0,1,0,0,PHARMA,2025-09-19,DIVIDEND,NEUTRAL,2026-07-31
MEDANTA,0.5,1,0,0,1,0,0,HEALTHCARE,2025-08-22,DIVIDEND,NEUTRAL,2026-07-31
MCLOUD,0.5,1,0,0,1,0,0,IT,2025-09-12,DIVIDEND,NEUTRAL,2026-07-31
MBAPL,0.5,1,0,0,1,0,0,CHEMICALS,2025-08-26,DIVIDEND,NEUTRAL,2026-07-31
MAZDA,0.5,1,0,0,1,0,0,CAPITAL_GOODS,2025-09-04,DIVIDEND,NEUTRAL,2026-07-31
MAYURUNIQ,0.5,1,0,0,1,0,0,TEXTILES,2025-08-22,DIVIDEND,NEUTRAL,2026-07-31
MUNJALAU,0.5,1,0,0,1,0,0,AUTO,2025-08-14,DIVIDEND,NEUTRAL,2026-07-31
MUFTI,0.5,1,0,0,1,0,0,RETAIL,2025-09-10,DIVIDEND,NEUTRAL,2026-07-31
MSTCLTD,0.5,1,0,0,1,0,0,METAL,2026-02-18,DIVIDEND,NEUTRAL,2026-07-31
MRPL,0.5,1,0,0,1,0,0,CHEMICALS,2026-03-11,DIVIDEND,NEUTRAL,2026-07-31
MPSLTD,0.5,1,0,0,1,0,0,HEALTHCARE,2025-08-13,DIVIDEND,NEUTRAL,2026-07-31
MOTILALOFS,0.5,1,0,0,1,0,0,FINANCIAL_SERVICES,2026-01-30,DIVIDEND,NEUTRAL,2026-07-31
MOREPENLAB,0.5,1,0,0,1,0,0,PHARMA,2025-08-29,DIVIDEND,NEUTRAL,2026-07-31
MONTECARLO,0.5,1,0,0,1,0,0,TEXTILES,2025-09-22,DIVIDEND,NEUTRAL,2026-07-31
MONARCH,0.5,1,0,0,1,0,0,FINANCIAL_SERVICES,2025-09-19,DIVIDEND,NEUTRAL,2026-07-31
MOLDTECH,0.5,1,0,0,1,0,0,CHEMICALS,2025-09-23,DIVIDEND,NEUTRAL,2026-07-31
MMP,0.5,1,0,0,1,0,0,METAL,2025-09-01,DIVIDEND,NEUTRAL,2026-07-31
MMFL,0.5,1,0,0,1,0,0,AUTO,2026-06-12,DIVIDEND,NEUTRAL,2026-07-31
MINDTECK,0.5,1,0,0,1,0,0,IT,2025-08-01,DIVIDEND,NEUTRAL,2026-07-31
MIDHANI,0.5,1,0,0,1,0,0,DEFENCE,2026-03-18,DIVIDEND,NEUTRAL,2026-07-31
DALMIASUG,0.5,2,0,0,1,0,0,FMCG,2026-02-11,DIVIDEND,NEUTRAL,2026-07-31
DABUR,0.5,1,0,0,1,0,0,FMCG,2025-11-07,DIVIDEND,NEUTRAL,2026-07-31
CORDSCABLE,0.5,1,0,0,1,0,0,OTHER,2025-09-22,DIVIDEND,NEUTRAL,2026-07-31
CORALFINAC,0.5,1,0,0,1,0,0,REALTY,2025-09-12,DIVIDEND,NEUTRAL,2026-07-31
CONTROLPR,0.5,1,0,0,1,0,0,IT,2026-02-06,DIVIDEND,NEUTRAL,2026-07-31
CONFIPET,0.5,1,0,0,1,0,0,ENERGY,2025-09-23,DIVIDEND,NEUTRAL,2026-07-31
CONCORDBIO,0.5,1,0,0,1,0,0,PHARMA,2025-09-03,DIVIDEND,NEUTRAL,2026-07-31
COMSYN,0.5,1,0,0,1,0,0,AUTO,2025-09-22,DIVIDEND,NEUTRAL,2026-07-31
COMPUSOFT,0.5,1,0,0,1,0,0,HEALTHCARE,2025-09-19,DIVIDEND,NEUTRAL,2026-07-31
COASTCORP,0.5,1,0,0,1,0,0,CAPITAL_GOODS,2025-09-19,DIVIDEND,NEUTRAL,2026-07-31
CNL,0.5,1,0,0,1,0,0,RETAIL,2025-09-23,DIVIDEND,NEUTRAL,2026-07-31
NAHARSPING,0.5,1,0,0,1,0,0,OTHER,2025-09-04,DIVIDEND,NEUTRAL,2026-07-31
NAHARPOLY,0.5,1,0,0,1,0,0,CHEMICALS,2025-09-04,DIVIDEND,NEUTRAL,2026-07-31
NAHARCAP,0.5,1,0,0,1,0,0,FINANCIAL_SERVICES,2025-09-04,DIVIDEND,NEUTRAL,2026-07-31
MUTHOOTFIN,0.5,1,0,0,1,0,0,FINANCIAL_SERVICES,2026-04-17,DIVIDEND,NEUTRAL,2026-07-31
MURUDCERA,0.5,1,0,0,1,0,0,CAPITAL_GOODS,2025-08-14,DIVIDEND,NEUTRAL,2026-07-31
MUNJALSHOW,0.5,1,0,0,1,0,0,AUTO,2025-08-01,DIVIDEND,NEUTRAL,2026-07-31
NFL,0.5,1,0,0,1,0,0,CHEMICALS,2025-09-22,DIVIDEND,NEUTRAL,2026-07-31
NEWGEN,0.5,1,0,0,1,0,0,IT,2026-07-17,DIVIDEND,NEUTRAL,2026-07-31
NEULANDLAB,0.5,1,0,0,1,0,0,PHARMA,2026-07-24,DIVIDEND,NEUTRAL,2026-07-31
NETWEB,0.5,1,0,0,1,0,0,FMCG,2025-08-22,DIVIDEND,NEUTRAL,2026-07-31
NESCO,0.5,1,0,0,1,0,0,REALTY,2026-07-20,DIVIDEND,NEUTRAL,2026-07-31
NEOGEN,0.5,1,0,0,1,0,0,CHEMICALS,2025-09-19,DIVIDEND,NEUTRAL,2026-07-31
NELCO,0.5,1,0,0,1,0,0,IT,2026-06-09,DIVIDEND,NEUTRAL,2026-07-31
NDLVENTURE,0.5,1,0,0,1,0,0,FINANCIAL_SERVICES,2025-08-22,DIVIDEND,NEUTRAL,2026-07-31
NDGL,0.5,1,0,0,1,0,0,FINANCIAL_SERVICES,2025-08-07,DIVIDEND,NEUTRAL,2026-07-31
NCC,0.5,1,0,0,1,0,0,INFRASTRUCTURE,2025-08-14,DIVIDEND,NEUTRAL,2026-07-31
NBIFIN,0.5,1,0,0,1,0,0,FINANCIAL_SERVICES,2025-08-14,DIVIDEND,NEUTRAL,2026-07-31
NAVKARURB,0.5,1,0,0,1,0,0,INFRASTRUCTURE,2025-09-23,DIVIDEND,NEUTRAL,2026-07-31
NATHBIOGEN,0.5,1,0,0,1,0,0,AGRICULTURE,2025-08-14,DIVIDEND,NEUTRAL,2026-07-31
CPEDU,0.5,1,0,0,1,0,0,HEALTHCARE,2025-11-21,DIVIDEND,NEUTRAL,2026-07-31
COROMANDEL,0.5,1,0,0,1,0,0,INFRASTRUCTURE,2026-02-04,DIVIDEND,NEUTRAL,2026-07-31
CLSEL,0.5,1,0,0,1,0,0,AGRICULTURE,2025-09-15,DIVIDEND,NEUTRAL,2026-07-31
CIPLA,0.5,1,0,0,1,0,0,PHARMA,2026-06-05,DIVIDEND,NEUTRAL,2026-07-31
CIFL,0.5,1,0,0,1,0,0,FINANCIAL_SERVICES,2025-09-19,DIVIDEND,NEUTRAL,2026-07-31
CIEINDIA,0.5,1,0,0,1,0,0,AUTO,2026-04-22,DIVIDEND,NEUTRAL,2026-07-31
CHOLAHLDNG,0.5,1,0,0,1,0,0,FINANCIAL_SERVICES,2025-08-01,DIVIDEND,NEUTRAL,2026-07-31
CHEVIOT,0.5,1,0,0,1,0,0,TEXTILES,2025-07-31,DIVIDEND,NEUTRAL,2026-07-31
CHEMFAB,0.5,1,0,0,1,0,0,OTHER,2025-09-04,DIVIDEND,NEUTRAL,2026-07-31
CHEMCON,0.5,1,0,0,1,0,0,CHEMICALS,2026-05-27,DIVIDEND,NEUTRAL,2026-07-31
CHEMBONDCH,0.5,1,0,0,1,0,0,OTHER,2025-08-07,DIVIDEND,NEUTRAL,2026-07-31
CHEMBOND,0.5,1,0,0,1,0,0,OTHER,2025-07-31,DIVIDEND,NEUTRAL,2026-07-31
CHALET,0.5,1,0,0,1,0,0,HOSPITALITY,2025-11-11,DIVIDEND,NEUTRAL,2026-07-31
NIITMTS,0.5,1,0,0,1,0,0,HEALTHCARE,2025-09-04,DIVIDEND,NEUTRAL,2026-07-31
NIITLTD,0.5,1,0,0,1,0,0,HEALTHCARE,2025-09-04,DIVIDEND,NEUTRAL,2026-07-31
NIBE,0.5,1,0,0,1,0,0,DEFENCE,2025-09-23,DIVIDEND,NEUTRAL,2026-07-31
NIACL,0.5,1,0,0,1,0,0,FINANCIAL_SERVICES,2025-09-04,DIVIDEND,NEUTRAL,2026-07-31
NGLFINE,0.5,1,0,0,1,0,0,PHARMA,2025-08-12,DIVIDEND,NEUTRAL,2026-07-31
CERA,0.5,1,0,0,1,0,0,REALTY,2026-07-07,DIVIDEND,NEUTRAL,2026-07-31
CENTURYPLY,0.5,1,0,0,1,0,0,REALTY,2025-09-11,DIVIDEND,NEUTRAL,2026-07-31
CENTENKA,0.5,1,0,0,1,0,0,TEXTILES,2025-08-05,DIVIDEND,NEUTRAL,2026-07-31
CELLO,0.5,1,0,0,1,0,0,FMCG,2025-08-01,DIVIDEND,NEUTRAL,2026-07-31
CEATLTD,0.5,1,0,0,1,0,0,AUTO,2025-08-08,DIVIDEND,NEUTRAL,2026-07-31
CDSL,0.5,1,0,0,1,0,0,REALTY,2025-08-07,DIVIDEND,NEUTRAL,2026-07-31
CARYSIL,0.5,1,0,0,1,0,0,FMCG,2025-09-17,DIVIDEND,NEUTRAL,2026-07-31
CARRARO,0.5,1,0,0,1,0,0,AUTO,2025-09-03,DIVIDEND,NEUTRAL,2026-07-31
OCCLLTD,0.5,1,0,0,1,0,0,CHEMICALS,2025-11-07,DIVIDEND,NEUTRAL,2026-07-31
OAL,0.5,1,0,0,1,0,0,CHEMICALS,2025-08-08,DIVIDEND,NEUTRAL,2026-07-31
NRAIL,0.5,1,0,0,1,0,0,CHEMICALS,2025-09-17,DIVIDEND,NEUTRAL,2026-07-31
NPST,0.5,1,0,0,1,0,0,IT,2025-09-12,DIVIDEND,NEUTRAL,2026-07-31
NOCIL,0.5,1,0,0,1,0,0,CHEMICALS,2026-07-24,DIVIDEND,NEUTRAL,2026-07-31
NITIRAJ,0.5,1,0,0,1,0,0,CAPITAL_GOODS,2025-09-16,DIVIDEND,NEUTRAL,2026-07-31
NITINSPIN,0.5,1,0,0,1,0,0,TEXTILES,2025-08-29,DIVIDEND,NEUTRAL,2026-07-31
NIPPOBATRY,0.5,1,0,0,1,0,0,FMCG,2025-09-19,DIVIDEND,NEUTRAL,2026-07-31
PARKHOTELS,0.5,1,0,0,1,0,0,HOSPITALITY,2025-09-19,DIVIDEND,NEUTRAL,2026-07-31
PARAS,0.5,1,0,0,1,0,0,DEFENCE,2025-08-08,DIVIDEND,NEUTRAL,2026-07-31
PARAGMILK,0.5,1,0,0,1,0,0,FMCG,2025-09-22,DIVIDEND,NEUTRAL,2026-07-31
PARADEEP,0.5,1,0,0,1,0,0,CHEMICALS,2025-08-22,DIVIDEND,NEUTRAL,2026-07-31
PANAMAPET,0.5,1,0,0,1,0,0,ENERGY,2025-09-02,DIVIDEND,NEUTRAL,2026-07-31
PAISALO,0.5,1,0,0,1,0,0,FINANCIAL_SERVICES,2025-09-22,DIVIDEND,NEUTRAL,2026-07-31
ORIENTELEC,0.5,1,0,0,1,0,0,FMCG,2026-01-29,DIVIDEND,NEUTRAL,2026-07-31
ORIENTCER,0.5,1,0,0,1,0,0,CAPITAL_GOODS,2025-09-16,DIVIDEND,NEUTRAL,2026-07-31
ORIENTCEM,0.5,1,0,0,1,0,0,CEMENT,2026-06-12,DIVIDEND,NEUTRAL,2026-07-31
ORICONENT,0.5,1,0,0,1,0,0,TEXTILES,2025-09-17,DIVIDEND,NEUTRAL,2026-07-31
OMINFRAL,0.5,1,0,0,1,0,0,INFRASTRUCTURE,2025-09-22,DIVIDEND,NEUTRAL,2026-07-31
OLECTRA,0.5,1,0,0,1,0,0,AUTO,2025-09-19,DIVIDEND,NEUTRAL,2026-07-31
CGPOWER,0.5,1,0,0,1,0,0,IT,2026-01-30,DIVIDEND,NEUTRAL,2026-07-31
CGCL,0.5,1,0,0,1,0,0,FINANCIAL_SERVICES,2025-09-11,DIVIDEND,NEUTRAL,2026-07-31
CESC,0.5,1,0,0,1,0,0,POWER,2025-10-27,DIVIDEND,NEUTRAL,2026-07-31
VIJAYA,0.5,1,0,0,1,0,0,HEALTHCARE,2025-08-29,DIVIDEND,NEUTRAL,2026-07-31
VHL,0.5,1,0,0,1,0,0,FINANCIAL_SERVICES,2025-09-12,DIVIDEND,NEUTRAL,2026-07-31
VGUARD,0.5,1,0,0,1,0,0,FINANCIAL_SERVICES,2025-07-31,DIVIDEND,NEUTRAL,2026-07-31
VETO,0.5,1,0,0,1,0,0,CAPITAL_GOODS,2025-09-22,DIVIDEND,NEUTRAL,2026-07-31
VESUVIUS,0.5,1,0,0,1,0,0,CAPITAL_GOODS,2026-04-30,DIVIDEND,NEUTRAL,2026-07-31
VERTOZ,0.5,1,0,0,1,0,0,OTHER,2026-06-05,DIVIDEND,NEUTRAL,2026-07-31
VENKEYS,0.5,1,0,0,1,0,0,FMCG,2025-08-14,DIVIDEND,NEUTRAL,2026-07-31
VARROC,0.5,1,0,0,1,0,0,AUTO,2025-08-08,DIVIDEND,NEUTRAL,2026-07-31
VARDHACRLC,0.5,1,0,0,1,0,0,TEXTILES,2025-09-12,DIVIDEND,NEUTRAL,2026-07-31
VADILALIND,0.5,1,0,0,1,0,0,FMCG,2025-09-12,DIVIDEND,NEUTRAL,2026-07-31
UTTAMSUGAR,0.5,1,0,0,1,0,0,FMCG,2025-09-12,DIVIDEND,NEUTRAL,2026-07-31
USHAMART,0.5,1,0,0,1,0,0,METAL,2025-07-31,DIVIDEND,NEUTRAL,2026-07-31
UNIVCABLES,0.5,1,0,0,1,0,0,CAPITAL_GOODS,2025-09-04,DIVIDEND,NEUTRAL,2026-07-31
ALKYLAMINE,0.5,1,0,0,1,0,0,CHEMICALS,2026-06-25,DIVIDEND,NEUTRAL,2026-07-31
CANFINHOME,0.5,1,0,0,1,0,0,FINANCIAL_SERVICES,2025-12-19,DIVIDEND,NEUTRAL,2026-07-31
CANBK,0.5,1,0,0,1,0,0,BANKING,2026-06-12,DIVIDEND,NEUTRAL,2026-07-31
CAMPUS,0.5,1,0,0,1,0,0,FMCG,2025-09-10,DIVIDEND,NEUTRAL,2026-07-31
BUILDPRO,0.5,1,0,0,1,0,0,RETAIL,2026-06-25,DIVIDEND,NEUTRAL,2026-07-31
BSOFT,0.5,1,0,0,1,0,0,IT,2025-11-14,DIVIDEND,NEUTRAL,2026-07-31
BSL,0.5,1,0,0,1,0,0,TEXTILES,2025-08-21,DIVIDEND,NEUTRAL,2026-07-31
BSE,0.5,1,0,0,1,0,0,FINANCIAL_SERVICES,2026-07-10,DIVIDEND,NEUTRAL,2026-07-31
BRIGADE,0.5,1,0,0,1,0,0,HOSPITALITY,2025-08-13,DIVIDEND,NEUTRAL,2026-07-31
PGEL,0.5,1,0,0,1,0,0,CAPITAL_GOODS,2025-09-19,DIVIDEND,NEUTRAL,2026-07-31
PFIZER,0.5,1,0,0,1,0,0,PHARMA,2026-07-17,DIVIDEND,NEUTRAL,2026-07-31
PERSISTENT,0.5,1,0,0,1,0,0,IT,2026-01-27,DIVIDEND,NEUTRAL,2026-07-31
PDSL,0.5,1,0,0,1,0,0,TEXTILES,2025-10-31,DIVIDEND,NEUTRAL,2026-07-31
PDMJEPAPER,0.5,1,0,0,1,0,0,CHEMICALS,2025-08-21,DIVIDEND,NEUTRAL,2026-07-31
PCBL,0.5,1,0,0,1,0,0,CHEMICALS,2025-10-27,DIVIDEND,NEUTRAL,2026-07-31
PATINTLOG,0.5,1,0,0,1,0,0,LOGISTICS,2025-09-01,DIVIDEND,NEUTRAL,2026-07-31
POWERMECH,0.5,1,0,0,1,0,0,INFRASTRUCTURE,2025-09-15,DIVIDEND,NEUTRAL,2026-07-31
POWERINDIA,0.5,1,0,0,1,0,0,CAPITAL_GOODS,2025-08-13,DIVIDEND,NEUTRAL,2026-07-31
PONNIERODE,0.5,1,0,0,1,0,0,FMCG,2026-06-05,DIVIDEND,NEUTRAL,2026-07-31
POLYMED,0.5,1,0,0,1,0,0,HEALTHCARE,2025-09-18,DIVIDEND,NEUTRAL,2026-07-31
PODDARMENT,0.5,1,0,0,1,0,0,CHEMICALS,2025-09-19,DIVIDEND,NEUTRAL,2026-07-31
POCL,0.5,1,0,0,1,0,0,METAL,2025-09-11,DIVIDEND,NEUTRAL,2026-07-31
PNCINFRA,0.5,1,0,0,1,0,0,INFRASTRUCTURE,2025-09-22,DIVIDEND,NEUTRAL,2026-07-31
PNBHOUSING,0.5,1,0,0,1,0,0,FINANCIAL_SERVICES,2025-08-01,DIVIDEND,NEUTRAL,2026-07-31
PNBGILTS,0.5,1,0,0,1,0,0,FINANCIAL_SERVICES,2025-09-10,DIVIDEND,NEUTRAL,2026-07-31
PNB,0.5,1,0,0,1,0,0,BANKING,2026-06-12,DIVIDEND,NEUTRAL,2026-07-31
PKTEA,0.5,1,0,0,1,0,0,FMCG,2025-09-12,DIVIDEND,NEUTRAL,2026-07-31
PITTIENG,0.5,1,0,0,1,0,0,CAPITAL_GOODS,2025-09-19,DIVIDEND,NEUTRAL,2026-07-31
PIRAMALFIN,0.5,1,0,0,1,0,0,FINANCIAL_SERVICES,2026-06-12,DIVIDEND,NEUTRAL,2026-07-31
PIGL,0.5,1,0,0,1,0,0,CAPITAL_GOODS,2025-09-19,DIVIDEND,NEUTRAL,2026-07-31
PHOENIXLTD,0.5,1,0,0,1,0,0,REALTY,2025-09-15,DIVIDEND,NEUTRAL,2026-07-31
BMWVENTLTD,0.5,1,0,0,1,0,0,METAL,2026-02-10,DIVIDEND,NEUTRAL,2026-07-31
BLUESTARCO,0.5,1,0,0,1,0,0,FMCG,2026-07-17,DIVIDEND,NEUTRAL,2026-07-31
BLUEJET,0.5,1,0,0,1,0,0,PHARMA,2025-09-19,DIVIDEND,NEUTRAL,2026-07-31
BLUEDART,0.5,1,0,0,1,0,0,LOGISTICS,2025-08-06,DIVIDEND,NEUTRAL,2026-07-31
BLISSGVS,0.5,1,0,0,1,0,0,PHARMA,2026-02-18,DIVIDEND,NEUTRAL,2026-07-31
BIRLACORPN,0.5,1,0,0,1,0,0,CEMENT,2025-09-08,DIVIDEND,NEUTRAL,2026-07-31
BIOCON,0.5,1,0,0,1,0,0,PHARMA,2026-07-03,DIVIDEND,NEUTRAL,2026-07-31
BHEL,0.5,1,0,0,1,0,0,FMCG,2025-08-01,DIVIDEND,NEUTRAL,2026-07-31
BHARATFORG,0.5,1,0,0,1,0,0,AUTO,2026-02-18,DIVIDEND,NEUTRAL,2026-07-31
BHAGCHEM,0.5,1,0,0,1,0,0,CHEMICALS,2025-08-14,DIVIDEND,NEUTRAL,2026-07-31
PREMEXPLN,0.5,1,0,0,1,0,0,CHEMICALS,2025-09-23,DIVIDEND,NEUTRAL,2026-07-31
PRECOT,0.5,1,0,0,1,0,0,TEXTILES,2025-08-13,DIVIDEND,NEUTRAL,2026-07-31
PRAKASH,0.5,1,0,0,1,0,0,CAPITAL_GOODS,2025-09-17,DIVIDEND,NEUTRAL,2026-07-31
PRAJIND,0.5,1,0,0,1,0,0,CAPITAL_GOODS,2025-08-04,DIVIDEND,NEUTRAL,2026-07-31
RALLIS,0.5,1,0,0,1,0,0,CHEMICALS,2026-06-04,DIVIDEND,NEUTRAL,2026-07-31
RAJRATAN,0.5,1,0,0,1,0,0,AUTO,2025-08-06,DIVIDEND,NEUTRAL,2026-07-31
RAJOOENG,0.5,1,0,0,1,0,0,CAPITAL_GOODS,2025-09-19,DIVIDEND,NEUTRAL,2026-07-31
RAIN,0.5,1,0,0,1,0,0,CHEMICALS,2025-08-13,DIVIDEND,NEUTRAL,2026-07-31
RADICO,0.5,1,0,0,1,0,0,FMCG,2026-07-24,DIVIDEND,NEUTRAL,2026-07-31
RADIANTCMS,0.5,1,0,0,1,0,0,FINANCIAL_SERVICES,2025-09-02,DIVIDEND,NEUTRAL,2026-07-31
RACLGEAR,0.5,1,0,0,1,0,0,AUTO,2026-02-20,DIVIDEND,NEUTRAL,2026-07-31
QPOWER,0.5,1,0,0,1,0,0,OTHER,2025-09-18,DIVIDEND,NEUTRAL,2026-07-31
PYRAMID,0.5,1,0,0,1,0,0,CHEMICALS,2025-09-12,DIVIDEND,NEUTRAL,2026-07-31
PTL,0.5,1,0,0,1,0,0,AUTO,2026-02-10,DIVIDEND,NEUTRAL,2026-07-31
PROTEAN,0.5,1,0,0,1,0,0,IT,2025-08-29,DIVIDEND,NEUTRAL,2026-07-31
PRIVISCL,0.5,1,0,0,1,0,0,CHEMICALS,2026-07-31,DIVIDEND,NEUTRAL,2026-07-31
PRINCEPIPE,0.5,1,0,0,1,0,0,CAPITAL_GOODS,2025-09-04,DIVIDEND,NEUTRAL,2026-07-31
PRICOLLTD,0.5,1,0,0,1,0,0,AUTO,2025-11-14,DIVIDEND,NEUTRAL,2026-07-31
PRESTIGE,0.5,1,0,0,1,0,0,REALTY,2025-09-03,DIVIDEND,NEUTRAL,2026-07-31
PREMIERPOL,0.5,1,0,0,1,0,0,OTHER,2025-09-17,DIVIDEND,NEUTRAL,2026-07-31
BELRISE,0.5,1,0,0,1,0,0,CAPITAL_GOODS,2025-08-22,DIVIDEND,NEUTRAL,2026-07-31
BELLACASA,0.5,1,0,0,1,0,0,TEXTILES,2025-09-08,DIVIDEND,NEUTRAL,2026-07-31
BEARDSELL,0.5,1,0,0,1,0,0,CAPITAL_GOODS,2025-09-22,DIVIDEND,NEUTRAL,2026-07-31
BCPL,0.5,1,0,0,1,0,0,REALTY,2026-05-29,DIVIDEND,NEUTRAL,2026-07-31
BCLIND,0.5,1,0,0,1,0,0,FMCG,2025-09-19,DIVIDEND,NEUTRAL,2026-07-31
BBTC,0.5,1,0,0,1,0,0,FMCG,2026-02-20,DIVIDEND,NEUTRAL,2026-07-31
BBOX,0.5,1,0,0,1,0,0,IT,2025-08-29,DIVIDEND,NEUTRAL,2026-07-31
BATAINDIA,0.5,1,0,0,1,0,0,FMCG,2025-08-01,DIVIDEND,NEUTRAL,2026-07-31
RELIABLE,0.5,1,0,0,1,0,0,FINANCIAL_SERVICES,2025-09-12,DIVIDEND,NEUTRAL,2026-07-31
RELCHEMQ,0.5,1,0,0,1,0,0,TEXTILES,2025-09-19,DIVIDEND,NEUTRAL,2026-07-31
RELAXO,0.5,1,0,0,1,0,0,FMCG,2025-08-21,DIVIDEND,NEUTRAL,2026-07-31
REFEX,0.5,1,0,0,1,0,0,CHEMICALS,2025-08-19,DIVIDEND,NEUTRAL,2026-07-31
RBLBANK,0.5,1,0,0,1,0,0,BANKING,2025-09-08,DIVIDEND,NEUTRAL,2026-07-31
RATNAMANI,0.5,1,0,0,1,0,0,METAL,2025-09-02,DIVIDEND,NEUTRAL,2026-07-31
RAMCOIND,0.5,1,0,0,1,0,0,METAL,2025-08-06,DIVIDEND,NEUTRAL,2026-07-31
RAMCOCEM,0.5,1,0,0,1,0,0,CEMENT,2025-08-06,DIVIDEND,NEUTRAL,2026-07-31
RUBYMILLS,0.5,1,0,0,1,0,0,OTHER,2025-09-04,DIVIDEND,NEUTRAL,2026-07-31
RUBFILA,0.5,1,0,0,1,0,0,CHEMICALS,2025-09-18,DIVIDEND,NEUTRAL,2026-07-31
RSYSTEMS,0.5,1,0,0,1,0,0,IT,2026-03-12,DIVIDEND,NEUTRAL,2026-07-31
RPTECH,0.5,1,0,0,1,0,0,IT,2025-08-11,DIVIDEND,NEUTRAL,2026-07-31
RPPINFRA,0.5,1,0,0,1,0,0,FINANCIAL_SERVICES,2025-09-23,DIVIDEND,NEUTRAL,2026-07-31
ROSSTECH,0.5,1,0,0,1,0,0,DEFENCE,2025-09-17,DIVIDEND,NEUTRAL,2026-07-31
ROSSELLIND,0.5,1,0,0,1,0,0,FMCG,2025-08-14,DIVIDEND,NEUTRAL,2026-07-31
ROHLTD,0.5,1,0,0,1,0,0,HOSPITALITY,2025-08-29,DIVIDEND,NEUTRAL,2026-07-31
RKSWAMY,0.5,1,0,0,1,0,0,MEDIA,2025-08-19,DIVIDEND,NEUTRAL,2026-07-31
RKFORGE,0.5,1,0,0,1,0,0,AUTO,2026-05-08,DIVIDEND,NEUTRAL,2026-07-31
RIIL,0.5,1,0,0,1,0,0,LOGISTICS,2026-06-12,DIVIDEND,NEUTRAL,2026-07-31
RICOAUTO,0.5,1,0,0,1,0,0,AUTO,2025-09-08,DIVIDEND,NEUTRAL,2026-07-31
RHIM,0.5,1,0,0,1,0,0,CAPITAL_GOODS,2025-09-12,DIVIDEND,NEUTRAL,2026-07-31
RESPONIND,0.5,1,0,0,1,0,0,REALTY,2025-09-12,DIVIDEND,NEUTRAL,2026-07-31
BERGEPAINT,0.5,1,0,0,1,0,0,CHEMICALS,2025-08-05,DIVIDEND,NEUTRAL,2026-07-31
BANKINDIA,0.5,1,0,0,1,0,0,BANKING,2026-05-29,DIVIDEND,NEUTRAL,2026-07-31
BANKBARODA,0.5,1,0,0,1,0,0,BANKING,2026-06-05,DIVIDEND,NEUTRAL,2026-07-31
BANDHANBNK,0.5,1,0,0,1,0,0,BANKING,2025-08-14,DIVIDEND,NEUTRAL,2026-07-31
BANARISUG,0.5,1,0,0,1,0,0,FMCG,2025-08-22,DIVIDEND,NEUTRAL,2026-07-31
BALUFORGE,0.5,1,0,0,1,0,0,CAPITAL_GOODS,2025-09-19,DIVIDEND,NEUTRAL,2026-07-31
BALRAMCHIN,0.5,1,0,0,1,0,0,FMCG,2025-11-17,DIVIDEND,NEUTRAL,2026-07-31
BALPHARMA,0.5,1,0,0,1,0,0,PHARMA,2025-09-18,DIVIDEND,NEUTRAL,2026-07-31
BALAMINES,0.5,1,0,0,1,0,0,CHEMICALS,2025-08-01,DIVIDEND,NEUTRAL,2026-07-31
BAJFINANCE,0.5,1,0,0,1,0,0,FINANCIAL_SERVICES,2026-06-30,DIVIDEND,NEUTRAL,2026-07-31
BAJAJINDEF,0.5,1,0,0,1,0,0,CAPITAL_GOODS,2025-08-05,DIVIDEND,NEUTRAL,2026-07-31
BAJAJHCARE,0.5,1,0,0,1,0,0,PHARMA,2025-09-19,DIVIDEND,NEUTRAL,2026-07-31
SAGILITY,0.5,1,0,0,1,0,0,IT,2025-11-12,DIVIDEND,NEUTRAL,2026-07-31
RUSHIL,0.5,1,0,0,1,0,0,REALTY,2025-09-12,DIVIDEND,NEUTRAL,2026-07-31
RUPA,0.5,1,0,0,1,0,0,TEXTILES,2025-08-25,DIVIDEND,NEUTRAL,2026-07-31
RUCHIRA,0.5,1,0,0,1,0,0,CHEMICALS,2025-09-22,DIVIDEND,NEUTRAL,2026-07-31
SBGLP,0.5,1,0,0,1,0,0,REALTY,2025-09-12,DIVIDEND,NEUTRAL,2026-07-31
SATIA,0.5,1,0,0,1,0,0,CHEMICALS,2025-09-23,DIVIDEND,NEUTRAL,2026-07-31
SASKEN,0.5,1,0,0,1,0,0,IT,2025-11-13,DIVIDEND,NEUTRAL,2026-07-31
SAREGAMA,0.5,1,0,0,1,0,0,MEDIA,2025-11-11,DIVIDEND,NEUTRAL,2026-07-31
SARDAEN,0.5,1,0,0,1,0,0,METAL,2025-08-22,DIVIDEND,NEUTRAL,2026-07-31
SANSERA,0.5,1,0,0,1,0,0,AUTO,2025-09-19,DIVIDEND,NEUTRAL,2026-07-31
SANGHVIMOV,0.5,1,0,0,1,0,0,CAPITAL_GOODS,2025-09-12,DIVIDEND,NEUTRAL,2026-07-31
SANGAMIND,0.5,1,0,0,1,0,0,TEXTILES,2025-09-12,DIVIDEND,NEUTRAL,2026-07-31
SANDHAR,0.5,1,0,0,1,0,0,HOSPITALITY,2025-09-12,DIVIDEND,NEUTRAL,2026-07-31
SANDESH,0.5,1,0,0,1,0,0,MEDIA,2025-08-22,DIVIDEND,NEUTRAL,2026-07-31
SALZERELEC,0.5,1,0,0,1,0,0,CAPITAL_GOODS,2025-08-29,DIVIDEND,NEUTRAL,2026-07-31
SALONA,0.5,1,0,0,1,0,0,TEXTILES,2025-09-12,DIVIDEND,NEUTRAL,2026-07-31
SAIL,0.5,1,0,0,1,0,0,METAL,2025-09-08,DIVIDEND,NEUTRAL,2026-07-31
SAHYADRI,0.5,1,0,0,1,0,0,CHEMICALS,2025-08-14,DIVIDEND,NEUTRAL,2026-07-31
BASF,0.5,1,0,0,1,0,0,CHEMICALS,2026-07-30,DIVIDEND,NEUTRAL,2026-07-31
SHIVALIK,0.5,1,0,0,1,0,0,OTHER,2025-09-19,DIVIDEND,NEUTRAL,2026-07-31
SHANTIGEAR,0.5,1,0,0,1,0,0,CAPITAL_GOODS,2026-01-29,DIVIDEND,NEUTRAL,2026-07-31
SHAKTIPUMP,0.5,1,0,0,1,0,0,CAPITAL_GOODS,2025-09-18,DIVIDEND,NEUTRAL,2026-07-31
SHAILY,0.5,1,0,0,1,0,0,CAPITAL_GOODS,2025-09-19,DIVIDEND,NEUTRAL,2026-07-31
SGIL,0.5,1,0,0,1,0,0,CAPITAL_GOODS,2025-09-17,DIVIDEND,NEUTRAL,2026-07-31
SETCO,0.5,1,0,0,1,0,0,OTHER,2026-06-02,DIVIDEND,NEUTRAL,2026-07-31
SESHAPAPER,0.5,1,0,0,1,0,0,CHEMICALS,2026-06-10,DIVIDEND,NEUTRAL,2026-07-31
SERVOTECH,0.5,1,0,0,1,0,0,CAPITAL_GOODS,2025-09-23,DIVIDEND,NEUTRAL,2026-07-31
SCILAL,0.5,1,0,0,1,0,0,FINANCIAL_SERVICES,2025-09-04,DIVIDEND,NEUTRAL,2026-07-31
SCHAND,0.5,1,0,0,1,0,0,HOSPITALITY,2026-05-29,DIVIDEND,NEUTRAL,2026-07-31
SCHAEFFLER,0.5,1,0,0,1,0,0,AUTO,2026-04-23,DIVIDEND,NEUTRAL,2026-07-31
SBIN,0.5,1,0,0,1,0,0,BANKING,2026-05-15,DIVIDEND,NEUTRAL,2026-07-31
SBILIFE,0.5,1,0,0,1,0,0,FINANCIAL_SERVICES,2026-03-06,DIVIDEND,NEUTRAL,2026-07-31
SBICARD,0.5,1,0,0,1,0,0,FINANCIAL_SERVICES,2026-03-11,DIVIDEND,NEUTRAL,2026-07-31
BAJAJFINSV,0.5,1,0,0,1,0,0,FINANCIAL_SERVICES,2026-06-30,DIVIDEND,NEUTRAL,2026-07-31
BAJAJ-AUTO,0.5,1,0,0,1,0,0,AUTO,2026-05-29,DIVIDEND,NEUTRAL,2026-07-31
AXISBANK,0.5,1,0,0,1,0,0,BANKING,2026-07-10,DIVIDEND,NEUTRAL,2026-07-31
AWL,0.5,1,0,0,1,0,0,FMCG,2026-06-19,DIVIDEND,NEUTRAL,2026-07-31
AVANTIFEED,0.5,1,0,0,1,0,0,AGRICULTURE,2025-08-07,DIVIDEND,NEUTRAL,2026-07-31
AVANTEL,0.5,1,0,0,1,0,0,DEFENCE,2026-06-12,DIVIDEND,NEUTRAL,2026-07-31
AUTOAXLES,0.5,1,0,0,1,0,0,AUTO,2025-08-05,DIVIDEND,NEUTRAL,2026-07-31
AUSOMENT,0.5,1,0,0,1,0,0,OTHER,2025-09-19,DIVIDEND,NEUTRAL,2026-07-31
SHREEPUSHK,0.5,1,0,0,1,0,0,CHEMICALS,2025-09-19,DIVIDEND,NEUTRAL,2026-07-31
SHREEJISPG,0.5,1,0,0,1,0,0,LOGISTICS,2026-02-27,DIVIDEND,NEUTRAL,2026-07-31
SHREECEM,0.5,1,0,0,1,0,0,CEMENT,2025-11-03,DIVIDEND,NEUTRAL,2026-07-31
SHREDIGCEM,0.5,1,0,0,1,0,0,CEMENT,2025-08-22,DIVIDEND,NEUTRAL,2026-07-31
SHIVATEX,0.5,1,0,0,1,0,0,TEXTILES,2025-08-14,DIVIDEND,NEUTRAL,2026-07-31
SNOWMAN,0.5,1,0,0,1,0,0,LOGISTICS,2026-02-12,DIVIDEND,NEUTRAL,2026-07-31
SMSPHARMA,0.5,1,0,0,1,0,0,PHARMA,2025-09-22,DIVIDEND,NEUTRAL,2026-07-31
SMLMAH,0.5,1,0,0,1,0,0,AUTO,2026-07-03,DIVIDEND,NEUTRAL,2026-07-31
SKIPPER,0.5,1,0,0,1,0,0,CAPITAL_GOODS,2025-09-16,DIVIDEND,NEUTRAL,2026-07-31
SJS,0.5,1,0,0,1,0,0,AUTO,2026-06-25,DIVIDEND,NEUTRAL,2026-07-31
SIS,0.5,1,0,0,1,0,0,OTHER,2026-02-06,DIVIDEND,NEUTRAL,2026-07-31
SIRCA,0.5,1,0,0,1,0,0,CHEMICALS,2025-09-04,DIVIDEND,NEUTRAL,2026-07-31
SIL,0.5,1,0,0,1,0,0,CHEMICALS,2026-02-20,DIVIDEND,NEUTRAL,2026-07-31
SIGNPOST,0.5,1,0,0,1,0,0,MEDIA,2025-09-19,DIVIDEND,NEUTRAL,2026-07-31
SIGIND,0.5,1,0,0,1,0,0,MEDIA,2025-09-23,DIVIDEND,NEUTRAL,2026-07-31
SIGACHI,0.5,1,0,0,1,0,0,OTHER,2025-09-16,DIVIDEND,NEUTRAL,2026-07-31
SHYAMMETL,0.5,1,0,0,1,0,0,METAL,2025-08-19,DIVIDEND,NEUTRAL,2026-07-31
SHREYANIND,0.5,1,0,0,1,0,0,CHEMICALS,2025-08-05,DIVIDEND,NEUTRAL,2026-07-31
ALKALI,0.5,1,0,0,1,0,0,OTHER,2025-08-14,DIVIDEND,NEUTRAL,2026-07-31
ALIVUS,0.5,1,0,0,1,0,0,PHARMA,2025-09-01,DIVIDEND,NEUTRAL,2026-07-31
ALEMBICLTD,0.5,1,0,0,1,0,0,REALTY,2025-08-05,DIVIDEND,NEUTRAL,2026-07-31
AKZOINDIA,0.5,1,0,0,1,0,0,OTHER,2025-08-11,DIVIDEND,NEUTRAL,2026-07-31
AKUMS,0.5,1,0,0,1,0,0,PHARMA,2026-07-03,DIVIDEND,NEUTRAL,2026-07-31
AKSHARCHEM,0.5,1,0,0,1,0,0,CHEMICALS,2025-09-04,DIVIDEND,NEUTRAL,2026-07-31
AJANTPHARM,0.5,1,0,0,1,0,0,PHARMA,2025-11-10,DIVIDEND,NEUTRAL,2026-07-31
AIAENG,0.5,1,0,0,1,0,0,CAPITAL_GOODS,2025-09-04,DIVIDEND,NEUTRAL,2026-07-31
AHLUCONT,0.5,1,0,0,1,0,0,INFRASTRUCTURE,2025-09-22,DIVIDEND,NEUTRAL,2026-07-31
AHLEAST,0.5,1,0,0,1,0,0,HOSPITALITY,2025-08-29,DIVIDEND,NEUTRAL,2026-07-31
UNITEDTEA,0.5,1,0,0,1,0,0,FMCG,2026-02-18,DIVIDEND,NEUTRAL,2026-07-31
UNIENTER,0.5,1,0,0,1,0,0,CHEMICALS,2025-08-29,DIVIDEND,NEUTRAL,2026-07-31
UFLEX,0.5,1,0,0,1,0,0,CHEMICALS,2025-08-01,DIVIDEND,NEUTRAL,2026-07-31
UCOBANK,0.5,1,0,0,1,0,0,BANKING,2026-05-04,DIVIDEND,NEUTRAL,2026-07-31
UBL,0.5,1,0,0,1,0,0,FMCG,2025-07-31,DIVIDEND,NEUTRAL,2026-07-31
TVTODAY,0.5,1,0,0,1,0,0,MEDIA,2025-09-11,DIVIDEND,NEUTRAL,2026-07-31
SPECIALITY,0.5,1,0,0,1,0,0,HOSPITALITY,2025-08-28,DIVIDEND,NEUTRAL,2026-07-31
ATUL,0.5,1,0,0,1,0,0,CHEMICALS,2026-07-17,DIVIDEND,NEUTRAL,2026-07-31
ATGL,0.5,1,0,0,1,0,0,ENERGY,2026-06-12,DIVIDEND,NEUTRAL,2026-07-31
ATAM,0.5,1,0,0,1,0,0,CAPITAL_GOODS,2025-09-18,DIVIDEND,NEUTRAL,2026-07-31
ASTRAMICRO,0.5,1,0,0,1,0,0,DEFENCE,2025-09-10,DIVIDEND,NEUTRAL,2026-07-31
ASKAUTOLTD,0.5,1,0,0,1,0,0,AUTO,2026-07-31,DIVIDEND,NEUTRAL,2026-07-31
ASIANENE,0.5,1,0,0,1,0,0,ENERGY,2025-09-19,DIVIDEND,NEUTRAL,2026-07-31
ASHAPURMIN,0.5,1,0,0,1,0,0,METAL,2025-09-17,DIVIDEND,NEUTRAL,2026-07-31
ASAHISONG,0.5,1,0,0,1,0,0,CHEMICALS,2025-09-04,DIVIDEND,NEUTRAL,2026-07-31
ASAHIINDIA,0.5,1,0,0,1,0,0,AUTO,2025-09-03,DIVIDEND,NEUTRAL,2026-07-31
ARVINDFASN,0.5,1,0,0,1,0,0,RETAIL,2025-08-12,DIVIDEND,NEUTRAL,2026-07-31
SPCENET,0.5,1,0,0,1,0,0,TELECOM,2026-06-05,DIVIDEND,NEUTRAL,2026-07-31
SPAL,0.5,1,0,0,1,0,0,TEXTILES,2025-08-25,DIVIDEND,NEUTRAL,2026-07-31
SOUTHBANK,0.5,1,0,0,1,0,0,BANKING,2025-08-13,DIVIDEND,NEUTRAL,2026-07-31
SOTL,0.5,1,0,0,1,0,0,ENERGY,2025-09-15,DIVIDEND,NEUTRAL,2026-07-31
SULA,0.5,1,0,0,1,0,0,FMCG,2026-05-22,DIVIDEND,NEUTRAL,2026-07-31
SUKHJITS,0.5,1,0,0,1,0,0,AGRICULTURE,2025-08-20,DIVIDEND,NEUTRAL,2026-07-31
SUDARSCHEM,0.5,1,0,0,1,0,0,CHEMICALS,2025-09-22,DIVIDEND,NEUTRAL,2026-07-31
SUBROS,0.5,1,0,0,1,0,0,CAPITAL_GOODS,2025-09-11,DIVIDEND,NEUTRAL,2026-07-31
STOVEKRAFT,0.5,1,0,0,1,0,0,FMCG,2025-09-19,DIVIDEND,NEUTRAL,2026-07-31
STERTOOLS,0.5,1,0,0,1,0,0,AUTO,2025-09-18,DIVIDEND,NEUTRAL,2026-07-31
STARTECK,0.5,1,0,0,1,0,0,FINANCIAL_SERVICES,2025-08-11,DIVIDEND,NEUTRAL,2026-07-31
STARPAPER,0.5,1,0,0,1,0,0,CHEMICALS,2025-09-18,DIVIDEND,NEUTRAL,2026-07-31
SSWL,0.5,1,0,0,1,0,0,AUTO,2025-09-23,DIVIDEND,NEUTRAL,2026-07-31
SRHHYPOLTD,0.5,1,0,0,1,0,0,CHEMICALS,2025-09-19,DIVIDEND,NEUTRAL,2026-07-31
SRF,0.5,1,0,0,1,0,0,CHEMICALS,2026-01-27,DIVIDEND,NEUTRAL,2026-07-31
SREEL,0.5,1,0,0,1,0,0,FMCG,2026-02-13,DIVIDEND,NEUTRAL,2026-07-31
SRD,0.5,1,0,0,1,0,0,CHEMICALS,2025-09-19,DIVIDEND,NEUTRAL,2026-07-31
SPORTKING,0.5,1,0,0,1,0,0,TEXTILES,2025-08-22,DIVIDEND,NEUTRAL,2026-07-31
SPIC,0.5,1,0,0,1,0,0,CHEMICALS,2025-09-16,DIVIDEND,NEUTRAL,2026-07-31
ARKADE,0.5,1,0,0,1,0,0,CAPITAL_GOODS,2025-08-01,DIVIDEND,NEUTRAL,2026-07-31
ARIHANTSUP,0.5,1,0,0,1,0,0,REALTY,2025-09-19,DIVIDEND,NEUTRAL,2026-07-31
ARIHANTCAP,0.5,1,0,0,1,0,0,FINANCIAL_SERVICES,2025-09-19,DIVIDEND,NEUTRAL,2026-07-31
ARIES,0.5,1,0,0,1,0,0,CHEMICALS,2025-09-19,DIVIDEND,NEUTRAL,2026-07-31
ARFIN,0.5,1,0,0,1,0,0,METAL,2025-11-17,DIVIDEND,NEUTRAL,2026-07-31
APTECHT,0.5,1,0,0,1,0,0,HEALTHCARE,2026-05-27,DIVIDEND,NEUTRAL,2026-07-31
APOLSINHOT,0.5,1,0,0,1,0,0,HOSPITALITY,2025-09-18,DIVIDEND,NEUTRAL,2026-07-31
APOLLOTYRE,0.5,1,0,0,1,0,0,AUTO,2026-02-10,DIVIDEND,NEUTRAL,2026-07-31
APOLLOPIPE,0.5,1,0,0,1,0,0,CAPITAL_GOODS,2025-09-04,DIVIDEND,NEUTRAL,2026-07-31
APOLLO,0.5,1,0,0,1,0,0,DEFENCE,2025-09-08,DIVIDEND,NEUTRAL,2026-07-31
APLAPOLLO,0.5,1,0,0,1,0,0,METAL,2025-08-22,DIVIDEND,NEUTRAL,2026-07-31
SUPERHOUSE,0.5,1,0,0,1,0,0,TEXTILES,2025-09-15,DIVIDEND,NEUTRAL,2026-07-31
SUNTECK,0.5,1,0,0,1,0,0,REALTY,2025-09-23,DIVIDEND,NEUTRAL,2026-07-31
SUNPHARMA,0.5,1,0,0,1,0,0,PHARMA,2026-02-05,DIVIDEND,NEUTRAL,2026-07-31
SUNFLAG,0.5,1,0,0,1,0,0,METAL,2025-09-12,DIVIDEND,NEUTRAL,2026-07-31
SUNCLAY,0.5,1,0,0,1,0,0,AUTO,2026-04-02,DIVIDEND,NEUTRAL,2026-07-31
TATAPOWER,0.5,1,0,0,1,0,0,POWER,2026-06-23,DIVIDEND,NEUTRAL,2026-07-31
TATAELXSI,0.5,1,0,0,1,0,0,IT,2026-06-10,DIVIDEND,NEUTRAL,2026-07-31
TATACONSUM,0.5,1,0,0,1,0,0,FMCG,2026-05-25,DIVIDEND,NEUTRAL,2026-07-31
TATACOMM,0.5,1,0,0,1,0,0,CHEMICALS,2026-06-19,DIVIDEND,NEUTRAL,2026-07-31
TATACHEM,0.5,1,0,0,1,0,0,CHEMICALS,2026-06-10,DIVIDEND,NEUTRAL,2026-07-31
TASTYBITE,0.5,1,0,0,1,0,0,FMCG,2025-08-01,DIVIDEND,NEUTRAL,2026-07-31
TAJGVK,0.5,1,0,0,1,0,0,HOSPITALITY,2025-09-08,DIVIDEND,NEUTRAL,2026-07-31
TAINWALCHM,0.5,1,0,0,1,0,0,CHEMICALS,2025-08-11,DIVIDEND,NEUTRAL,2026-07-31
SYRMA,0.5,1,0,0,1,0,0,CAPITAL_GOODS,2025-09-19,DIVIDEND,NEUTRAL,2026-07-31
SYNGENE,0.5,1,0,0,1,0,0,INFRASTRUCTURE,2026-06-25,DIVIDEND,NEUTRAL,2026-07-31
SWARAJENG,0.5,1,0,0,1,0,0,CAPITAL_GOODS,2026-07-03,DIVIDEND,NEUTRAL,2026-07-31
SWANCORP,0.5,1,0,0,1,0,0,CHEMICALS,2025-09-22,DIVIDEND,NEUTRAL,2026-07-31
SUYOG,0.5,1,0,0,1,0,0,TELECOM,2025-08-29,DIVIDEND,NEUTRAL,2026-07-31
SURAJLTD,0.5,1,0,0,1,0,0,METAL,2026-01-23,DIVIDEND,NEUTRAL,2026-07-31
SUPRIYA,0.5,1,0,0,1,0,0,PHARMA,2025-09-04,DIVIDEND,NEUTRAL,2026-07-31
ARROWGREEN,0.5,1,0,0,1,0,0,CHEMICALS,2025-09-18,DIVIDEND,NEUTRAL,2026-07-31
THEMISMED,0.5,1,0,0,1,0,0,PHARMA,2025-09-04,DIVIDEND,NEUTRAL,2026-07-31
THEJO,0.5,1,0,0,1,0,0,CAPITAL_GOODS,2025-08-22,DIVIDEND,NEUTRAL,2026-07-31
THANGAMAYL,0.5,1,0,0,1,0,0,FMCG,2026-07-22,DIVIDEND,NEUTRAL,2026-07-31
TEXRAIL,0.5,1,0,0,1,0,0,CAPITAL_GOODS,2025-09-15,DIVIDEND,NEUTRAL,2026-07-31
TEXINFRA,0.5,1,0,0,1,0,0,CAPITAL_GOODS,2025-09-12,DIVIDEND,NEUTRAL,2026-07-31
TERASOFT,0.5,1,0,0,1,0,0,IT,2025-09-19,DIVIDEND,NEUTRAL,2026-07-31
TEMBO,0.5,1,0,0,1,0,0,METAL,2026-01-16,DIVIDEND,NEUTRAL,2026-07-31
TEGA,0.5,1,0,0,1,0,0,FINANCIAL_SERVICES,2025-09-08,DIVIDEND,NEUTRAL,2026-07-31
TECHNOE,0.5,1,0,0,1,0,0,INFRASTRUCTURE,2025-09-12,DIVIDEND,NEUTRAL,2026-07-31
TDPOWERSYS,0.5,1,0,0,1,0,0,CAPITAL_GOODS,2025-11-06,DIVIDEND,NEUTRAL,2026-07-31
TCIEXP,0.5,1,0,0,1,0,0,LOGISTICS,2026-02-06,DIVIDEND,NEUTRAL,2026-07-31
TCI,0.5,1,0,0,1,0,0,LOGISTICS,2026-02-10,DIVIDEND,NEUTRAL,2026-07-31
TBZ,0.5,1,0,0,1,0,0,FMCG,2025-09-02,DIVIDEND,NEUTRAL,2026-07-31
TATVA,0.5,1,0,0,1,0,0,CHEMICALS,2025-09-12,DIVIDEND,NEUTRAL,2026-07-31
TATATECH,0.5,1,0,0,1,0,0,FMCG,2026-06-18,DIVIDEND,NEUTRAL,2026-07-31
TATASTEEL,0.5,1,0,0,1,0,0,METAL,2026-06-12,DIVIDEND,NEUTRAL,2026-07-31
ANUP,0.5,1,0,0,1,0,0,CAPITAL_GOODS,2025-08-06,DIVIDEND,NEUTRAL,2026-07-31
ANUHPHR,0.5,1,0,0,1,0,0,PHARMA,2025-08-14,DIVIDEND,NEUTRAL,2026-07-31
ANTHEM,0.5,1,0,0,1,0,0,PHARMA,2026-06-25,DIVIDEND,NEUTRAL,2026-07-31
ANDHRSUGAR,0.5,1,0,0,1,0,0,CHEMICALS,2025-09-19,DIVIDEND,NEUTRAL,2026-07-31
ANDHRAPAP,0.5,1,0,0,1,0,0,CHEMICALS,2025-08-01,DIVIDEND,NEUTRAL,2026-07-31
AMNPLST,0.5,1,0,0,1,0,0,CHEMICALS,2025-09-12,DIVIDEND,NEUTRAL,2026-07-31
AMJLAND,0.5,1,0,0,1,0,0,CHEMICALS,2025-08-21,DIVIDEND,NEUTRAL,2026-07-31
AMBUJACEM,0.5,1,0,0,1,0,0,CEMENT,2026-06-12,DIVIDEND,NEUTRAL,2026-07-31
AMBIKCO,0.5,1,0,0,1,0,0,TEXTILES,2025-09-19,DIVIDEND,NEUTRAL,2026-07-31
ALPHAGEO,0.5,1,0,0,1,0,0,ENERGY,2025-09-19,DIVIDEND,NEUTRAL,2026-07-31
TIINDIA,0.5,1,0,0,1,0,0,AUTO,2026-02-10,DIVIDEND,NEUTRAL,2026-07-31
TIIL,0.5,1,0,0,1,0,0,METAL,2026-06-04,DIVIDEND,NEUTRAL,2026-07-31
TI,0.5,1,0,0,1,0,0,FMCG,2025-09-23,DIVIDEND,NEUTRAL,2026-07-31
THOMASCOOK,0.5,1,0,0,1,0,0,HOSPITALITY,2025-08-21,DIVIDEND,NEUTRAL,2026-07-31
THERMAX,0.5,1,0,0,1,0,0,CAPITAL_GOODS,2026-07-03,DIVIDEND,NEUTRAL,2026-07-31
TVSSRICHAK,0.5,1,0,0,1,0,0,AUTO,2025-09-04,DIVIDEND,NEUTRAL,2026-07-31
TVSHLTD,0.5,1,0,0,1,0,0,FINANCIAL_SERVICES,2026-04-02,DIVIDEND,NEUTRAL,2026-07-31
TTL,0.5,1,0,0,1,0,0,TEXTILES,2025-09-17,DIVIDEND,NEUTRAL,2026-07-31
TTKPRESTIG,0.5,1,0,0,1,0,0,FMCG,2025-07-31,DIVIDEND,NEUTRAL,2026-07-31
TSFINV,0.5,1,0,0,1,0,0,FINANCIAL_SERVICES,2026-02-10,DIVIDEND,NEUTRAL,2026-07-31
TRIDENT,0.5,1,0,0,1,0,0,TEXTILES,2026-05-22,DIVIDEND,NEUTRAL,2026-07-31
TRANSRAILL,0.5,1,0,0,1,0,0,CAPITAL_GOODS,2025-09-04,DIVIDEND,NEUTRAL,2026-07-31
TPLPLASTEH,0.5,1,0,0,1,0,0,CHEMICALS,2025-09-02,DIVIDEND,NEUTRAL,2026-07-31
TORNTPOWER,0.5,1,0,0,1,0,0,POWER,2026-02-16,DIVIDEND,NEUTRAL,2026-07-31
TNPL,0.5,1,0,0,1,0,0,CHEMICALS,2025-09-11,DIVIDEND,NEUTRAL,2026-07-31
TNPETRO,0.5,1,0,0,1,0,0,HEALTHCARE,2025-09-08,DIVIDEND,NEUTRAL,2026-07-31
TMPV,0.5,2,0,0,1,0,0,AUTO,2026-06-19,DIVIDEND,NEUTRAL,2026-07-31
TMCV,0.5,1,0,0,1,0,0,AUTO,2026-06-12,DIVIDEND,NEUTRAL,2026-07-31
TITAGARH,0.5,1,0,0,1,0,0,INFRASTRUCTURE,2025-09-08,DIVIDEND,NEUTRAL,2026-07-31
TINNARUBR,0.5,1,0,0,1,0,0,REALTY,2025-09-04,DIVIDEND,NEUTRAL,2026-07-31
APEX,0.5,1,0,0,1,0,0,FMCG,2025-09-19,DIVIDEND,NEUTRAL,2026-07-31
3MINDIA,0.5,1,0,0,1,0,0,DIVERSIFIED,2026-07-17,DIVIDEND,NEUTRAL,2026-07-31
ZUARIIND,0.5,1,0,0,1,0,0,FMCG,2025-09-17,DIVIDEND,NEUTRAL,2026-07-31
ZOTA,0.5,1,0,0,1,0,0,PHARMA,2025-09-22,DIVIDEND,NEUTRAL,2026-07-31
WESTLIFE,0.5,1,0,0,1,0,0,HOSPITALITY,2025-08-04,DIVIDEND,NEUTRAL,2026-07-31
WENDT,0.5,1,0,0,1,0,0,CAPITAL_GOODS,2026-01-28,DIVIDEND,NEUTRAL,2026-07-31
WEIZMANIND,0.5,1,0,0,1,0,0,TEXTILES,2025-09-18,DIVIDEND,NEUTRAL,2026-07-31
WABAG,0.5,1,0,0,1,0,0,INFRASTRUCTURE,2025-08-05,DIVIDEND,NEUTRAL,2026-07-31
WAAREEENER,0.5,1,0,0,1,0,0,CAPITAL_GOODS,2025-10-24,DIVIDEND,NEUTRAL,2026-07-31
VTL,0.5,1,0,0,1,0,0,TEXTILES,2025-09-12,DIVIDEND,NEUTRAL,2026-07-31
VSTTILLERS,0.5,1,0,0,1,0,0,AUTO,2025-09-03,DIVIDEND,NEUTRAL,2026-07-31
VSTIND,0.5,1,0,0,1,0,0,FMCG,2026-07-10,DIVIDEND,NEUTRAL,2026-07-31
VSSL,0.5,1,0,0,1,0,0,METAL,2025-09-12,DIVIDEND,NEUTRAL,2026-07-31
VOLTAS,0.5,1,0,0,1,0,0,FMCG,2026-06-12,DIVIDEND,NEUTRAL,2026-07-31
VMART,0.5,1,0,0,1,0,0,RETAIL,2026-07-17,DIVIDEND,NEUTRAL,2026-07-31
AHLADA,0.5,1,0,0,1,0,0,REALTY,2025-09-22,DIVIDEND,NEUTRAL,2026-07-31
AGROPHOS,0.5,1,0,0,1,0,0,CHEMICALS,2025-09-23,DIVIDEND,NEUTRAL,2026-07-31
WSTCSTPAPR,0.5,1,0,0,1,0,0,CHEMICALS,2025-08-14,DIVIDEND,NEUTRAL,2026-07-31
WORTHPERI,0.5,1,0,0,1,0,0,CHEMICALS,2025-09-16,DIVIDEND,NEUTRAL,2026-07-31
WONDERLA,0.5,1,0,0,1,0,0,HOSPITALITY,2025-08-08,DIVIDEND,NEUTRAL,2026-07-31
WIPL,0.5,1,0,0,1,0,0,REALTY,2025-09-18,DIVIDEND,NEUTRAL,2026-07-31
WHIRLPOOL,0.5,1,0,0,1,0,0,FMCG,2025-08-29,DIVIDEND,NEUTRAL,2026-07-31
ACE,0.5,1,0,0,1,0,0,AUTO,2025-08-14,DIVIDEND,NEUTRAL,2026-07-31
ACC,0.5,1,0,0,1,0,0,CEMENT,2026-06-12,DIVIDEND,NEUTRAL,2026-07-31
ABDL,0.5,1,0,0,1,0,0,FMCG,2026-06-25,DIVIDEND,NEUTRAL,2026-07-31
AARVI,0.5,1,0,0,1,0,0,OTHER,2025-08-01,DIVIDEND,NEUTRAL,2026-07-31
AARTISURF,0.5,1,0,0,1,0,0,CHEMICALS,2025-09-16,DIVIDEND,NEUTRAL,2026-07-31
AARTIIND,0.5,1,0,0,1,0,0,CHEMICALS,2025-08-18,DIVIDEND,NEUTRAL,2026-07-31
AARTIDRUGS,0.5,1,0,0,1,0,0,PHARMA,2026-02-09,DIVIDEND,NEUTRAL,2026-07-31
AARTECH,0.5,1,0,0,1,0,0,CAPITAL_GOODS,2025-09-23,DIVIDEND,NEUTRAL,2026-07-31
AAATECH,0.5,1,0,0,1,0,0,IT,2025-08-28,DIVIDEND,NEUTRAL,2026-07-31
63MOONS,0.5,1,0,0,1,0,0,IT,2025-09-17,DIVIDEND,NEUTRAL,2026-07-31
BHANDARI,0.0,2,0,0,1,0,1,OTHER,2026-02-25,RIGHTS,NEUTRAL,2026-07-31
SADHNANIQ,0.0,2,0,0,1,0,1,OTHER,2026-02-18,RIGHTS,NEUTRAL,2026-07-31
SHANKARA,0.0,1,0,0,0,0,0,OTHER,2025-09-24,MERGER,NEUTRAL,2026-07-31
BAIDFIN,0.0,2,0,0,1,0,1,FINANCIAL_SERVICES,2025-11-17,RIGHTS,NEUTRAL,2026-07-31
AVG,0.0,2,0,0,1,0,1,LOGISTICS,2026-05-21,RIGHTS,NEUTRAL,2026-07-31
SKFINDIA,0.0,1,0,0,0,0,0,CAPITAL_GOODS,2025-10-15,MERGER,NEUTRAL,2026-07-31
DCMSRIND,0.0,1,0,0,0,0,0,DIVERSIFIED,2025-12-26,MERGER,NEUTRAL,2026-07-31
ADANIENT,0.0,2,0,0,1,0,1,INFRASTRUCTURE,2026-06-12,DIVIDEND,NEUTRAL,2026-07-31
ALLCARGO,0.0,1,0,0,0,0,0,LOGISTICS,2025-11-12,MERGER,NEUTRAL,2026-07-31
KRISHIVAL,0.0,2,0,0,1,0,1,FMCG,2025-12-17,RIGHTS,NEUTRAL,2026-07-31
TIL,-0.5,1,0,0,0,0,1,AUTO,2026-03-23,RIGHTS,CONCERN,2026-07-31
5PAISA,-0.5,1,0,0,0,0,1,FINANCIAL_SERVICES,2026-03-17,RIGHTS,CONCERN,2026-07-31
ATL,-0.5,1,0,0,0,0,1,INFRASTRUCTURE,2025-11-14,RIGHTS,CONCERN,2026-07-31
STALLION,-0.5,1,0,0,0,0,1,PHARMA,2026-02-11,RIGHTS,CONCERN,2026-07-31
SILGO,-0.5,1,0,0,0,0,1,FMCG,2026-01-05,RIGHTS,CONCERN,2026-07-31
SICALLOG,-0.5,1,0,0,0,0,1,OTHER,2026-02-18,RIGHTS,CONCERN,2026-07-31
SARVESHWAR,-0.5,1,0,0,0,0,1,OTHER,2025-08-22,RIGHTS,CONCERN,2026-07-31
RELTD,-0.5,1,0,0,0,0,1,CAPITAL_GOODS,2026-06-08,RIGHTS,CONCERN,2026-07-31
CAPTRUST,-0.5,1,0,0,0,0,1,OTHER,2025-10-10,RIGHTS,CONCERN,2026-07-31
SHAH,-0.5,1,0,0,0,0,1,METAL,2026-05-27,RIGHTS,CONCERN,2026-07-31
PRABHA,-0.5,1,0,0,0,0,1,ENERGY,2026-03-11,RIGHTS,CONCERN,2026-07-31
SHRADHA,-0.5,1,0,0,0,0,1,REALTY,2025-09-16,RIGHTS,CONCERN,2026-07-31
ONELIFECAP,-0.5,1,0,0,0,0,1,OTHER,2026-02-16,RIGHTS,CONCERN,2026-07-31
UTKARSHBNK,-0.5,1,0,0,0,0,1,BANKING,2025-10-14,RIGHTS,CONCERN,2026-07-31
PATELENG,-0.5,1,0,0,0,0,1,INFRASTRUCTURE,2025-12-04,RIGHTS,CONCERN,2026-07-31
NDTV,-0.5,1,0,0,0,0,1,MEDIA,2025-09-12,RIGHTS,CONCERN,2026-07-31
MAHAPEXLTD,-0.5,1,0,0,0,0,1,FINANCIAL_SERVICES,2026-03-20,RIGHTS,CONCERN,2026-07-31
CYBERMEDIA,-0.5,1,0,0,0,0,1,OTHER,2025-08-01,RIGHTS,CONCERN,2026-07-31
DAVANGERE,-0.5,1,0,0,0,0,1,FMCG,2025-08-06,RIGHTS,CONCERN,2026-07-31
NACLIND,-0.5,1,0,0,0,0,1,CHEMICALS,2025-12-12,RIGHTS,CONCERN,2026-07-31
EFCIL,-0.5,1,0,0,0,0,1,REALTY,2026-05-07,RIGHTS,CONCERN,2026-07-31
INDOWIND,-0.5,1,0,0,0,0,1,OTHER,2025-11-19,RIGHTS,CONCERN,2026-07-31
HCC,-0.5,1,0,0,0,0,1,INFRASTRUCTURE,2025-12-05,RIGHTS,CONCERN,2026-07-31
ESSENTIA,-0.5,1,0,0,0,0,1,OTHER,2026-05-20,RIGHTS,CONCERN,2026-07-31
VINEETLAB,-0.5,1,0,0,0,0,1,OTHER,2025-12-23,RIGHTS,CONCERN,2026-07-31
HCG,-0.5,1,0,0,0,0,1,HEALTHCARE,2026-03-02,RIGHTS,CONCERN,2026-07-31
3IINFOLTD,-0.5,1,0,0,0,0,1,IT,2025-09-26,RIGHTS,CONCERN,2026-07-31
HILTON,-1.0,2,0,0,0,0,2,OTHER,2026-02-24,RIGHTS,CONCERN,2026-07-31
