symbol,total_deals,inst_deals,inst_net_qty,inst_net_value_cr,fii_net_value_cr,mf_net_value_cr,promoter_net_value_cr,dominant_participant,last_deal_date,deal_signal,window_days,as_of_date
ADANIENT,2,1,16439984.0,4789.6249,0.0,4789.6249,0.0,MF,2026-06-05,INSTITUTIONAL_ACCUMULATION,30,2026-06-30
LENSKART,71,32,69636571.0,3510.6655,2638.1887,713.9354,0.0,RETAIL,2026-06-11,INSTITUTIONAL_ACCUMULATION,30,2026-06-30
LODHA,12,6,29412996.0,2758.4978,2758.4978,0.0,0.0,RETAIL,2026-06-25,INSTITUTIONAL_ACCUMULATION,30,2026-06-30
GMRAIRPORT,4,3,181504893.0,1774.2103,1774.2103,0.0,0.0,FII,2026-06-03,INSTITUTIONAL_ACCUMULATION,30,2026-06-30
ALKEM,13,8,2134042.0,1109.7017999999998,100.0272,1009.6746,-286.0,RETAIL,2026-06-02,INSTITUTIONAL_ACCUMULATION,30,2026-06-30
ADANIENSOL,2,1,6365796.0,957.925,0.0,957.925,0.0,MF,2026-06-05,INSTITUTIONAL_ACCUMULATION,30,2026-06-30
CORONA,18,9,2740126.0,474.04190000000006,253.42510000000001,55.914699999999996,0.0,RETAIL,2026-06-17,INSTITUTIONAL_ACCUMULATION,30,2026-06-30
MCX,1,1,1465941.0,425.01,0.0,425.01,0.0,MF,2026-06-29,INSTITUTIONAL_ACCUMULATION,30,2026-06-30
AJANTPHARM,5,1,1347709.0,400.0,0.0,0.0,0.0,RETAIL,2026-06-09,INSTITUTIONAL_ACCUMULATION,30,2026-06-30
ANTHEM,24,8,4247448.0,316.35,25.0,291.34999999999997,0.0,RETAIL,2026-06-18,INSTITUTIONAL_ACCUMULATION,30,2026-06-30
STLTECH,1,1,3648537.0,225.87,0.0,225.87,0.0,MF,2026-06-05,INSTITUTIONAL_ACCUMULATION,30,2026-06-30
CRAFTSMAN,12,5,227700.0,210.62259999999998,154.6212,28.0007,0.0,RETAIL,2026-06-23,INSTITUTIONAL_ACCUMULATION,30,2026-06-30
CGCL,4,2,10000000.0,192.5,192.5,0.0,0.0,FII,2026-06-01,INSTITUTIONAL_ACCUMULATION,30,2026-06-30
BANSALWIRE,10,4,6129582.0,189.404,189.404,0.0,0.0,RETAIL,2026-06-25,INSTITUTIONAL_ACCUMULATION,30,2026-06-30
EMCURE,15,6,949372.0,172.5009,100.0008,25.0001,0.0,RETAIL,2026-06-25,INSTITUTIONAL_ACCUMULATION,30,2026-06-30
DOMS,3,2,711437.0,156.5161,0.0,156.5161,0.0,RETAIL,2026-06-17,INSTITUTIONAL_ACCUMULATION,30,2026-06-30
EBGNG,16,6,3846180.0,150.001,50.0004,100.00059999999999,0.0,RETAIL,2026-06-11,INSTITUTIONAL_ACCUMULATION,30,2026-06-30
GODIGIT,3,2,3333500.0,100.005,35.005,65.0,0.0,RETAIL,2026-06-04,INSTITUTIONAL_ACCUMULATION,30,2026-06-30
CERA,2,1,118478.0,64.9259,64.9259,0.0,0.0,RETAIL,2026-06-08,INSTITUTIONAL_ACCUMULATION,30,2026-06-30
POCL,4,1,472000.0,59.944,0.0,59.944,0.0,RETAIL,2026-06-29,INSTITUTIONAL_ACCUMULATION,30,2026-06-30
CMRGREEN,5,1,1941018.0,49.8143,49.8143,0.0,0.0,RETAIL,2026-06-10,INSTITUTIONAL_ACCUMULATION,30,2026-06-30
SAPPHIRE,2,1,2462029.0,44.3091,44.3091,0.0,0.0,FII,2026-06-10,INSTITUTIONAL_ACCUMULATION,30,2026-06-30
IKS,2,1,200000.0,33.098,0.0,0.0,0.0,INSURANCE,2026-06-04,INSTITUTIONAL_ACCUMULATION,30,2026-06-30
GOKEX,1,1,400000.0,32.5916,0.0,0.0,0.0,INSURANCE,2026-06-19,INSTITUTIONAL_ACCUMULATION,30,2026-06-30
RAMCOSYS,100,1,190773.0,14.7353,0.0,0.0,0.0,RETAIL,2026-06-30,INSTITUTIONAL_ACCUMULATION,30,2026-06-30
MOTILALOFS,3,3,0.0,0.0001000000000139778,0.0,-153.3349,0.0,INSURANCE,2026-06-08,NEUTRAL,30,2026-06-30
UNIVASTU,2,0,0.0,0.0,0.0,0.0,0.0,RETAIL,2026-06-16,NEUTRAL,30,2026-06-30
URAVIDEF,9,0,0.0,0.0,0.0,0.0,0.0,RETAIL,2026-06-30,NEUTRAL,30,2026-06-30
UTKAL,2,0,0.0,0.0,0.0,0.0,0.0,RETAIL,2026-06-17,NEUTRAL,30,2026-06-30
VALUE360,9,0,0.0,0.0,0.0,0.0,0.0,RETAIL,2026-06-17,NEUTRAL,30,2026-06-30
VEDL,1,0,0.0,0.0,0.0,0.0,0.0,RETAIL,2026-06-23,NEUTRAL,30,2026-06-30
VERTOZ,1,0,0.0,0.0,0.0,0.0,0.0,RETAIL,2026-06-08,NEUTRAL,30,2026-06-30
ACSTECH,4,0,0.0,0.0,0.0,0.0,0.0,RETAIL,2026-06-29,NEUTRAL,30,2026-06-30
ACCENTMIC,3,0,0.0,0.0,0.0,0.0,0.0,RETAIL,2026-06-09,NEUTRAL,30,2026-06-30
ZUARI,4,0,0.0,0.0,0.0,0.0,0.0,RETAIL,2026-06-16,NEUTRAL,30,2026-06-30
APOLLO,16,0,0.0,0.0,0.0,0.0,0.0,RETAIL,2026-06-04,NEUTRAL,30,2026-06-30
AQYLON,16,0,0.0,0.0,0.0,0.0,0.0,RETAIL,2026-06-19,NEUTRAL,30,2026-06-30
ARROWGREEN,2,0,0.0,0.0,0.0,0.0,0.0,RETAIL,2026-06-09,NEUTRAL,30,2026-06-30
ARSHIYA,2,0,0.0,0.0,0.0,0.0,0.2643,RETAIL,2026-06-10,NEUTRAL,30,2026-06-30
ARUNAYA,2,0,0.0,0.0,0.0,0.0,0.0,RETAIL,2026-06-23,NEUTRAL,30,2026-06-30
ASHOKA,2,0,0.0,0.0,0.0,0.0,0.0,RETAIL,2026-06-15,NEUTRAL,30,2026-06-30
ASHWINI,3,0,0.0,0.0,0.0,0.0,0.0,RETAIL,2026-06-09,NEUTRAL,30,2026-06-30
ASIANPAINT,2,0,0.0,0.0,0.0,0.0,0.0,RETAIL,2026-06-24,NEUTRAL,30,2026-06-30
ASIANTILES,2,0,0.0,0.0,0.0,0.0,0.0,RETAIL,2026-06-22,NEUTRAL,30,2026-06-30
ATALREAL,128,0,0.0,0.0,0.0,0.0,0.0,RETAIL,2026-06-30,NEUTRAL,30,2026-06-30
AURIGROW,8,0,0.0,0.0,0.0,0.0,0.0,RETAIL,2026-06-29,NEUTRAL,30,2026-06-30
AVG,2,0,0.0,0.0,0.0,0.0,0.0,RETAIL,2026-06-11,NEUTRAL,30,2026-06-30
TITAN,2,0,0.0,0.0,0.0,0.0,0.0,RETAIL,2026-06-24,NEUTRAL,30,2026-06-30
TRUALT,6,0,0.0,0.0,0.0,0.0,0.0,RETAIL,2026-06-08,NEUTRAL,30,2026-06-30
TVSINVIT,2,0,0.0,0.0,0.0,0.0,0.0,RETAIL,2026-06-09,NEUTRAL,30,2026-06-30
UCL,4,0,0.0,0.0,0.0,0.0,0.0,RETAIL,2026-06-30,NEUTRAL,30,2026-06-30
BAJAJELEC,14,0,0.0,0.0,0.0,0.0,0.0,RETAIL,2026-06-02,NEUTRAL,30,2026-06-30
BAJAJHCARE,18,0,0.0,0.0,0.0,0.0,0.0,RETAIL,2026-06-29,NEUTRAL,30,2026-06-30
BAJFINANCE,2,0,0.0,0.0,0.0,0.0,0.0,RETAIL,2026-06-24,NEUTRAL,30,2026-06-30
BALUFORGE,1,0,0.0,0.0,0.0,0.0,0.0,RETAIL,2026-06-03,NEUTRAL,30,2026-06-30
BANG,15,0,0.0,0.0,0.0,0.0,0.0,RETAIL,2026-06-30,NEUTRAL,30,2026-06-30
BEL,2,0,0.0,0.0,0.0,0.0,0.0,RETAIL,2026-06-24,NEUTRAL,30,2026-06-30
BHARATGEAR,4,0,0.0,0.0,0.0,0.0,0.0,RETAIL,2026-06-16,NEUTRAL,30,2026-06-30
BHARTIARTL,2,0,0.0,0.0,0.0,0.0,0.0,RETAIL,2026-06-24,NEUTRAL,30,2026-06-30
BIKEWO,1,0,0.0,0.0,0.0,0.0,0.0,RETAIL,2026-06-16,NEUTRAL,30,2026-06-30
BIOFILCHEM,16,0,0.0,0.0,0.0,0.0,0.0,RETAIL,2026-06-12,NEUTRAL,30,2026-06-30
BIOPOL,1,0,0.0,0.0,0.0,0.0,0.0,RETAIL,2026-06-19,NEUTRAL,30,2026-06-30
AMBAAUTO,2,0,0.0,0.0,0.0,0.0,0.0,RETAIL,2026-06-03,NEUTRAL,30,2026-06-30
AMBER,2,0,0.0,0.0,0.0,0.0,0.0,RETAIL,2026-06-19,NEUTRAL,30,2026-06-30
ANMOL,2,0,0.0,0.0,0.0,0.0,0.0,RETAIL,2026-06-16,NEUTRAL,30,2026-06-30
BORANA,1,0,0.0,0.0,0.0,0.0,0.0,RETAIL,2026-06-17,NEUTRAL,30,2026-06-30
C2C,1,0,0.0,0.0,0.0,0.0,0.0,RETAIL,2026-06-04,NEUTRAL,30,2026-06-30
CAPITALSFB,4,0,0.0,0.0,0.0,0.0,0.0,RETAIL,2026-06-09,NEUTRAL,30,2026-06-30
CARTRADE,12,0,0.0,0.0,0.0,0.0,0.0,RETAIL,2026-06-17,NEUTRAL,30,2026-06-30
CDSL,2,0,0.0,0.0,0.0,0.0,0.0,RETAIL,2026-06-18,NEUTRAL,30,2026-06-30
CHEMCON,2,0,0.0,0.0,0.0,0.0,0.0,RETAIL,2026-06-05,NEUTRAL,30,2026-06-30
CLSEL,14,0,0.0,0.0,0.0,0.0,0.0,RETAIL,2026-06-12,NEUTRAL,30,2026-06-30
COFFEEDAY,2,0,0.0,0.0,0.0,0.0,0.0,RETAIL,2026-06-02,NEUTRAL,30,2026-06-30
COMSYN,7,0,0.0,0.0,0.0,0.0,0.0,RETAIL,2026-06-23,NEUTRAL,30,2026-06-30
AVG-RE,1,0,0.0,0.0,0.0,0.0,0.0,RETAIL,2026-06-02,NEUTRAL,30,2026-06-30
AVIENCE,5,0,0.0,0.0,0.0,0.0,0.0,RETAIL,2026-06-29,NEUTRAL,30,2026-06-30
AXISBANK,2,0,0.0,0.0,0.0,0.0,0.0,RETAIL,2026-06-24,NEUTRAL,30,2026-06-30
BABAFP,2,0,0.0,0.0,0.0,0.0,0.0,RETAIL,2026-06-16,NEUTRAL,30,2026-06-30
CUDML,5,0,0.0,0.0,0.0,0.0,0.0,RETAIL,2026-06-03,NEUTRAL,30,2026-06-30
DAVANGERE,5,0,0.0,0.0,0.0,0.0,0.0,RETAIL,2026-06-09,NEUTRAL,30,2026-06-30
DELHIVERY,1,0,0.0,0.0,0.0,0.0,0.0,RETAIL,2026-06-24,NEUTRAL,30,2026-06-30
DELTACORP,5,0,0.0,0.0,0.0,0.0,0.0,RETAIL,2026-06-04,NEUTRAL,30,2026-06-30
DENEERS,1,0,0.0,0.0,0.0,0.0,0.0,RETAIL,2026-06-23,NEUTRAL,30,2026-06-30
DENTA,18,0,0.0,0.0,0.0,0.0,0.0,RETAIL,2026-06-23,NEUTRAL,30,2026-06-30
DHARAN,4,0,0.0,0.0,0.0,0.0,0.0,RETAIL,2026-06-04,NEUTRAL,30,2026-06-30
DHARIWAL,1,0,0.0,0.0,0.0,0.0,0.0,RETAIL,2026-06-01,NEUTRAL,30,2026-06-30
DIGIKORE,2,0,0.0,0.0,0.0,0.0,0.0,RETAIL,2026-06-30,NEUTRAL,30,2026-06-30
DIVGIITTS,7,0,0.0,0.0,0.0,0.0,-16.8828,RETAIL,2026-06-30,NEUTRAL,30,2026-06-30
DJML,2,0,0.0,0.0,0.0,0.0,0.0,RETAIL,2026-06-16,NEUTRAL,30,2026-06-30
BLISSGVS,4,0,0.0,0.0,0.0,0.0,0.0,RETAIL,2026-06-29,NEUTRAL,30,2026-06-30
BLUSPRING,2,0,0.0,0.0,0.0,0.0,0.0,RETAIL,2026-06-17,NEUTRAL,30,2026-06-30
BMLL,15,0,0.0,0.0,0.0,0.0,0.0,RETAIL,2026-06-12,NEUTRAL,30,2026-06-30
EASEMYTRIP,13,0,0.0,0.0,0.0,0.0,0.0,RETAIL,2026-06-25,NEUTRAL,30,2026-06-30
ECOLINE,1,0,0.0,0.0,0.0,0.0,0.0,RETAIL,2026-06-05,NEUTRAL,30,2026-06-30
EFCIL,1,0,0.0,0.0,0.0,0.0,0.0,RETAIL,2026-06-18,NEUTRAL,30,2026-06-30
EIMCOELECO,2,0,0.0,0.0,0.0,0.0,0.0,RETAIL,2026-06-22,NEUTRAL,30,2026-06-30
ELECTHERM,4,0,0.0,0.0,0.0,0.0,0.0,RETAIL,2026-06-10,NEUTRAL,30,2026-06-30
EMAPARTNER,1,0,0.0,0.0,0.0,0.0,0.0,RETAIL,2026-06-29,NEUTRAL,30,2026-06-30
EMSLIMITED,30,0,0.0,0.0,0.0,0.0,0.0,RETAIL,2026-06-25,NEUTRAL,30,2026-06-30
ENCOMPAS,3,0,0.0,0.0,0.0,0.0,0.0,RETAIL,2026-06-15,NEUTRAL,30,2026-06-30
EPACK,12,0,0.0,0.0,0.0,0.0,0.0,RETAIL,2026-06-22,NEUTRAL,30,2026-06-30
EPACKPEB,18,0,0.0,0.0,0.0,0.0,0.0,RETAIL,2026-06-12,NEUTRAL,30,2026-06-30
ESSENTIA,2,0,0.0,0.0,0.0,0.0,0.0,RETAIL,2026-06-22,NEUTRAL,30,2026-06-30
CONNPLEX,2,0,0.0,0.0,0.0,0.0,0.0,RETAIL,2026-06-29,NEUTRAL,30,2026-06-30
CPCAP,2,0,0.0,0.0,0.0,0.0,0.0,RETAIL,2026-06-12,NEUTRAL,30,2026-06-30
EXICOM,58,0,0.0,0.0,0.0,0.0,0.0,RETAIL,2026-06-19,NEUTRAL,30,2026-06-30
EXIMROUTES,2,0,0.0,0.0,0.0,0.0,0.0,RETAIL,2026-06-19,NEUTRAL,30,2026-06-30
EXXARO,12,0,0.0,0.0,0.0,0.0,0.0,RETAIL,2026-06-23,NEUTRAL,30,2026-06-30
FABTECH,2,0,0.0,0.0,0.0,0.0,0.0,RETAIL,2026-06-16,NEUTRAL,30,2026-06-30
FALCONTECH,16,0,0.0,0.0,0.0,0.0,0.0,RETAIL,2026-06-24,NEUTRAL,30,2026-06-30
FEDDERSHOL,2,0,0.0,0.0,0.0,0.0,0.0,RETAIL,2026-06-04,NEUTRAL,30,2026-06-30
FELIX,1,0,0.0,0.0,0.0,0.0,0.0,RETAIL,2026-06-04,NEUTRAL,30,2026-06-30
FILATFASH,1,0,0.0,0.0,0.0,0.0,0.0,RETAIL,2026-06-30,NEUTRAL,30,2026-06-30
FINOPB,2,0,0.0,0.0,0.0,0.0,0.0,RETAIL,2026-06-18,NEUTRAL,30,2026-06-30
FORCAS,2,0,0.0,0.0,0.0,0.0,0.0,RETAIL,2026-06-03,NEUTRAL,30,2026-06-30
GALAPREC,2,0,0.0,0.0,0.0,0.0,0.0,RETAIL,2026-06-15,NEUTRAL,30,2026-06-30
GARUDA,9,0,0.0,0.0,0.0,0.0,0.0,RETAIL,2026-06-23,NEUTRAL,30,2026-06-30
GCHOTELS,2,0,0.0,0.0,0.0,0.0,0.0,RETAIL,2026-06-22,NEUTRAL,30,2026-06-30
DPWIRES,2,0,0.0,0.0,0.0,0.0,0.0,RETAIL,2026-06-23,NEUTRAL,30,2026-06-30
DURLAX,4,0,0.0,0.0,0.0,0.0,0.0,RETAIL,2026-06-17,NEUTRAL,30,2026-06-30
DYCL,4,0,0.0,0.0,0.0,0.0,0.0,RETAIL,2026-06-18,NEUTRAL,30,2026-06-30
GENUSPOWER,17,0,0.0,0.0,0.0,0.0,0.0,RETAIL,2026-06-30,NEUTRAL,30,2026-06-30
GENXAI,6,0,0.0,0.0,0.0,0.0,0.0,RETAIL,2026-06-15,NEUTRAL,30,2026-06-30
GICL,4,0,0.0,0.0,0.0,0.0,0.0,RETAIL,2026-06-08,NEUTRAL,30,2026-06-30
GJL,2,0,0.0,0.0,0.0,0.0,0.0,RETAIL,2026-06-11,NEUTRAL,30,2026-06-30
GNA,2,0,0.0,0.0,0.0,0.0,0.0,RETAIL,2026-06-19,NEUTRAL,30,2026-06-30
GNRL,2,0,0.0,0.0,0.0,0.0,0.0,RETAIL,2026-06-29,NEUTRAL,30,2026-06-30
GOCOLORS,61,0,0.0,0.0,0.0,0.0,0.0,RETAIL,2026-06-30,NEUTRAL,30,2026-06-30
GOKUL,2,0,0.0,0.0,0.0,0.0,0.0,RETAIL,2026-06-16,NEUTRAL,30,2026-06-30
GOODLUCK,2,0,0.0,0.0,0.0,0.0,0.0,RETAIL,2026-06-29,NEUTRAL,30,2026-06-30
GPECO,2,0,0.0,0.0,0.0,0.0,0.0,RETAIL,2026-06-02,NEUTRAL,30,2026-06-30
GREENLEAF,2,0,0.0,0.0,0.0,0.0,0.0,RETAIL,2026-06-15,NEUTRAL,30,2026-06-30
ETML,3,0,0.0,0.0,0.0,0.0,0.0,RETAIL,2026-06-16,NEUTRAL,30,2026-06-30
EXCELLENT,4,0,0.0,0.0,0.0,0.0,0.0,RETAIL,2026-06-10,NEUTRAL,30,2026-06-30
GSMFOILS,2,0,0.0,0.0,0.0,0.0,0.0,RETAIL,2026-06-17,NEUTRAL,30,2026-06-30
GTECJAINX,3,0,0.0,0.0,0.0,0.0,0.0,RETAIL,2026-06-03,NEUTRAL,30,2026-06-30
GVPTECHPP,6,0,0.0,0.0,0.0,0.0,0.0,RETAIL,2026-06-24,NEUTRAL,30,2026-06-30
HDFCBANK,2,0,0.0,0.0,0.0,0.0,0.0,RETAIL,2026-06-24,NEUTRAL,30,2026-06-30
HEXAGON,5,0,0.0,0.0,0.0,0.0,0.0,RETAIL,2026-06-18,NEUTRAL,30,2026-06-30
HINDUNILVR,2,0,0.0,0.0,0.0,0.0,0.0,RETAIL,2026-06-24,NEUTRAL,30,2026-06-30
HINDWAREAP,2,0,0.0,0.0,0.0,0.0,0.0,RETAIL,2026-06-12,NEUTRAL,30,2026-06-30
HLEGLAS,8,0,0.0,0.0,0.0,0.0,0.0,RETAIL,2026-06-03,NEUTRAL,30,2026-06-30
HONASA,1,0,0.0,0.0,0.0,0.0,0.0,RETAIL,2026-06-25,NEUTRAL,30,2026-06-30
IBULLSLTD,4,0,0.0,0.0,0.0,0.0,0.0,RETAIL,2026-06-01,NEUTRAL,30,2026-06-30
ICICIBANK,2,0,0.0,0.0,0.0,0.0,0.0,RETAIL,2026-06-24,NEUTRAL,30,2026-06-30
IEML,8,0,0.0,0.0,0.0,0.0,0.0,RETAIL,2026-06-17,NEUTRAL,30,2026-06-30
IFCI,10,0,0.0,0.0,0.0,0.0,0.0,RETAIL,2026-06-18,NEUTRAL,30,2026-06-30
IGARASHI,19,0,0.0,0.0,0.0,0.0,0.0,RETAIL,2026-06-22,NEUTRAL,30,2026-06-30
GCSL,29,0,0.0,0.0,0.0,0.0,0.0,RETAIL,2026-06-30,NEUTRAL,30,2026-06-30
GENESYS,32,0,0.0,0.0,0.0,0.0,0.0,RETAIL,2026-06-12,NEUTRAL,30,2026-06-30
INDOCO,2,0,0.0,0.0,0.0,0.0,0.0,RETAIL,2026-06-11,NEUTRAL,30,2026-06-30
INDOTECH,1,0,0.0,0.0,0.0,0.0,0.0,RETAIL,2026-06-30,NEUTRAL,30,2026-06-30
INDOWIND,2,0,0.0,0.0,0.0,0.0,0.0,RETAIL,2026-06-30,NEUTRAL,30,2026-06-30
INFOBEAN,8,0,0.0,0.0,0.0,0.0,0.0,RETAIL,2026-06-02,NEUTRAL,30,2026-06-30
INFY,4,0,0.0,0.0,0.0,0.0,0.0,RETAIL,2026-06-29,NEUTRAL,30,2026-06-30
IPHL,1,0,0.0,0.0,0.0,0.0,0.0,RETAIL,2026-06-16,NEUTRAL,30,2026-06-30
IRIS,1,0,0.0,0.0,0.0,0.0,0.0,RETAIL,2026-06-19,NEUTRAL,30,2026-06-30
ITDC,8,0,0.0,0.0,0.0,0.0,0.0,RETAIL,2026-06-05,NEUTRAL,30,2026-06-30
IVALUE,13,0,0.0,0.0,0.0,0.0,0.0,RETAIL,2026-06-30,NEUTRAL,30,2026-06-30
JAGSNPHARM,4,0,0.0,0.0,0.0,0.0,0.0,RETAIL,2026-06-30,NEUTRAL,30,2026-06-30
JAYESH,2,0,0.0,0.0,0.0,0.0,0.0,RETAIL,2026-06-24,NEUTRAL,30,2026-06-30
JISLDVREQS,1,0,0.0,0.0,0.0,0.0,0.0,RETAIL,2026-06-04,NEUTRAL,30,2026-06-30
JNKINDIA,30,0,0.0,0.0,0.0,0.0,0.0,RETAIL,2026-06-10,NEUTRAL,30,2026-06-30
JSLL,18,0,0.0,0.0,0.0,0.0,0.0,RETAIL,2026-06-04,NEUTRAL,30,2026-06-30
GRMOVER,23,0,0.0,0.0,0.0,0.0,-27.692999999999998,RETAIL,2026-06-12,NEUTRAL,30,2026-06-30
GSLSU,6,0,0.0,0.0,0.0,0.0,0.0,RETAIL,2026-06-03,NEUTRAL,30,2026-06-30
KAYNES,2,0,0.0,0.0,0.0,0.0,0.0,RETAIL,2026-06-25,NEUTRAL,30,2026-06-30
KCK,3,0,0.0,0.0,0.0,0.0,0.0,RETAIL,2026-06-23,NEUTRAL,30,2026-06-30
KITEX,1,0,0.0,0.0,0.0,0.0,0.0,RETAIL,2026-06-17,NEUTRAL,30,2026-06-30
KLL,2,0,0.0,0.0,0.0,0.0,0.0,RETAIL,2026-06-17,NEUTRAL,30,2026-06-30
KRISHNADEF,12,0,0.0,0.0,0.0,0.0,0.0,RETAIL,2026-06-30,NEUTRAL,30,2026-06-30
KRISHPP,7,0,0.0,0.0,0.0,0.0,0.0,RETAIL,2026-06-24,NEUTRAL,30,2026-06-30
KSCL,2,0,0.0,0.0,0.0,0.0,0.0,RETAIL,2026-06-22,NEUTRAL,30,2026-06-30
KSHITIJPOL,25,0,0.0,0.0,0.0,0.0,0.0,RETAIL,2026-06-11,NEUTRAL,30,2026-06-30
KSR,1,0,0.0,0.0,0.0,0.0,0.0,RETAIL,2026-06-01,NEUTRAL,30,2026-06-30
LAL,1,0,0.0,0.0,0.0,0.0,0.0,RETAIL,2026-06-15,NEUTRAL,30,2026-06-30
LAMBODHARA,2,0,0.0,0.0,0.0,0.0,0.0,RETAIL,2026-06-01,NEUTRAL,30,2026-06-30
LAMOSAIC,51,0,0.0,0.0,0.0,0.0,0.0,RETAIL,2026-06-30,NEUTRAL,30,2026-06-30
LEMERITE,18,0,0.0,0.0,0.0,0.0,0.0,RETAIL,2026-06-25,NEUTRAL,30,2026-06-30
INDOBORAX,2,0,0.0,0.0,0.0,0.0,0.0,RETAIL,2026-06-23,NEUTRAL,30,2026-06-30
LXCHEM,4,0,0.0,0.0,0.0,0.0,0.0,RETAIL,2026-06-03,NEUTRAL,30,2026-06-30
M&M,4,0,0.0,0.0,0.0,0.0,0.0,RETAIL,2026-06-24,NEUTRAL,30,2026-06-30
MACOBSTECH,3,0,0.0,0.0,0.0,0.0,0.0,RETAIL,2026-06-18,NEUTRAL,30,2026-06-30
MADHUSUDAN,4,0,0.0,0.0,0.0,0.0,0.0,RETAIL,2026-06-30,NEUTRAL,30,2026-06-30
MAGSON,7,0,0.0,0.0,0.0,0.0,0.0,RETAIL,2026-06-30,NEUTRAL,30,2026-06-30
MAHSEAMLES,2,0,0.0,0.0,0.0,0.0,0.0,RETAIL,2026-06-29,NEUTRAL,30,2026-06-30
MANCREDIT,14,0,0.0,0.0,0.0,0.0,0.0,RETAIL,2026-06-25,NEUTRAL,30,2026-06-30
MANGLMCEM,1,0,0.0,0.0,0.0,0.0,0.0,RETAIL,2026-06-02,NEUTRAL,30,2026-06-30
MANORG,1,0,0.0,0.0,0.0,0.0,0.0,RETAIL,2026-06-05,NEUTRAL,30,2026-06-30
MARKOLINES,32,0,0.0,0.0,0.0,0.0,0.0,RETAIL,2026-06-30,NEUTRAL,30,2026-06-30
MARSONS,4,0,0.0,0.0,0.0,0.0,0.0,RETAIL,2026-06-04,NEUTRAL,30,2026-06-30
MASTERTR,28,0,0.0,0.0,0.0,0.0,0.0,RETAIL,2026-06-10,NEUTRAL,30,2026-06-30
MCLOUD,15,0,0.0,0.0,0.0,0.0,0.0,RETAIL,2026-06-19,NEUTRAL,30,2026-06-30
UDS,1,0,0.0,0.0,0.0,0.0,0.0,RETAIL,2026-06-05,NEUTRAL,30,2026-06-30
K2INFRA,1,0,0.0,0.0,0.0,0.0,0.0,RETAIL,2026-06-15,NEUTRAL,30,2026-06-30
KANDARP,7,0,0.0,0.0,0.0,0.0,0.0,RETAIL,2026-06-15,NEUTRAL,30,2026-06-30
MEGASTAR,4,0,0.0,0.0,0.0,0.0,0.0,RETAIL,2026-06-11,NEUTRAL,30,2026-06-30
MFML,1,0,0.0,0.0,0.0,0.0,0.0,RETAIL,2026-06-30,NEUTRAL,30,2026-06-30
MHLXMIRU,27,0,0.0,0.0,0.0,0.0,0.0,RETAIL,2026-06-30,NEUTRAL,30,2026-06-30
MICEL,1,0,0.0,0.0,0.0,0.0,0.0,RETAIL,2026-06-05,NEUTRAL,30,2026-06-30
MODIS,4,0,0.0,0.0,0.0,0.0,0.0,RETAIL,2026-06-03,NEUTRAL,30,2026-06-30
MOREPENLAB,2,0,0.0,0.0,0.0,0.0,0.0,RETAIL,2026-06-30,NEUTRAL,30,2026-06-30
MOS,12,0,0.0,0.0,0.0,0.0,0.0,RETAIL,2026-06-05,NEUTRAL,30,2026-06-30
VGL,2,0,0.0,0.0,0.0,0.0,0.0,RETAIL,2026-06-18,NEUTRAL,30,2026-06-30
MOTISONS,45,0,0.0,0.0,0.0,0.0,0.0,RETAIL,2026-06-30,NEUTRAL,30,2026-06-30
MPEL,6,0,0.0,0.0,0.0,0.0,0.0,RETAIL,2026-06-19,NEUTRAL,30,2026-06-30
MSTCLTD,20,0,0.0,0.0,0.0,0.0,0.0,RETAIL,2026-06-17,NEUTRAL,30,2026-06-30
MTARTECH,26,0,0.0,0.0,0.0,0.0,0.0,RETAIL,2026-06-18,NEUTRAL,30,2026-06-30
MUNISH,4,0,0.0,0.0,0.0,0.0,0.0,RETAIL,2026-06-19,NEUTRAL,30,2026-06-30
MYMUDRA,16,0,0.0,0.0,0.0,0.0,0.0,RETAIL,2026-06-22,NEUTRAL,30,2026-06-30
VIKRAN,10,0,0.0,0.0,0.0,0.0,0.0,RETAIL,2026-06-29,NEUTRAL,30,2026-06-30
LT,2,0,0.0,0.0,0.0,0.0,0.0,RETAIL,2026-06-24,NEUTRAL,30,2026-06-30
NDRINVIT,6,0,0.0,0.0,0.0,0.0,0.0,RETAIL,2026-06-24,NEUTRAL,30,2026-06-30
NELCO,27,0,0.0,0.0,0.0,0.0,0.0,RETAIL,2026-06-22,NEUTRAL,30,2026-06-30
NEWGEN,6,0,0.0,0.0,0.0,0.0,0.0,RETAIL,2026-06-03,NEUTRAL,30,2026-06-30
NFPSAMPOOR,8,0,0.0,0.0,0.0,0.0,0.0,RETAIL,2026-06-10,NEUTRAL,30,2026-06-30
NIBE,2,0,0.0,0.0,0.0,0.0,0.0,RETAIL,2026-06-01,NEUTRAL,30,2026-06-30
NIITLTD,16,0,0.0,0.0,0.0,0.0,0.0,RETAIL,2026-06-22,NEUTRAL,30,2026-06-30
NILAINFRA,2,0,0.0,0.0,0.0,0.0,0.0,RETAIL,2026-06-16,NEUTRAL,30,2026-06-30
NOCIL,6,0,0.0,0.0,0.0,0.0,0.0,RETAIL,2026-06-22,NEUTRAL,30,2026-06-30
NRBBEARING,10,0,0.0,0.0,0.0,0.0,0.0,RETAIL,2026-06-08,NEUTRAL,30,2026-06-30
NRVANDANA,2,0,0.0,0.0,0.0,0.0,0.0,RETAIL,2026-06-25,NEUTRAL,30,2026-06-30
NXT-INFRA,2,0,0.0,0.0,0.0,0.0,0.0,RETAIL,2026-06-16,NEUTRAL,30,2026-06-30
OCCLLTD,2,0,0.0,0.0,0.0,0.0,0.0,RETAIL,2026-06-08,NEUTRAL,30,2026-06-30
OLAELEC,6,0,0.0,0.0,0.0,0.0,0.0,RETAIL,2026-06-30,NEUTRAL,30,2026-06-30
OLIL,1,0,0.0,0.0,0.0,0.0,0.0,RETAIL,2026-06-30,NEUTRAL,30,2026-06-30
MEDIORG,1,0,0.0,0.0,0.0,0.0,0.0,RETAIL,2026-06-01,NEUTRAL,30,2026-06-30
MEESHO,2,0,0.0,0.0,0.0,0.0,0.0,RETAIL,2026-06-10,NEUTRAL,30,2026-06-30
ONDOOR,3,0,0.0,0.0,0.0,0.0,0.0,RETAIL,2026-06-16,NEUTRAL,30,2026-06-30
ONWARDTEC,16,0,0.0,0.0,0.0,0.0,0.0,RETAIL,2026-06-25,NEUTRAL,30,2026-06-30
ONYX,8,0,0.0,0.0,0.0,0.0,0.0,RETAIL,2026-06-29,NEUTRAL,30,2026-06-30
ORBTEXP,1,0,0.0,0.0,0.0,0.0,0.0,RETAIL,2026-06-23,NEUTRAL,30,2026-06-30
ORIENTHOT,2,0,0.0,0.0,0.0,0.0,0.0,RETAIL,2026-06-23,NEUTRAL,30,2026-06-30
ORTINGLOBE,1,0,0.0,0.0,0.0,0.0,0.0,RETAIL,2026-06-08,NEUTRAL,30,2026-06-30
PACEDIGITK,10,0,0.0,0.0,0.0,0.0,0.0,RETAIL,2026-06-24,NEUTRAL,30,2026-06-30
PANACEABIO,23,0,0.0,0.0,0.0,0.0,0.0,RETAIL,2026-06-09,NEUTRAL,30,2026-06-30
PANAMAPET,12,0,0.0,0.0,0.0,0.0,0.0,RETAIL,2026-06-19,NEUTRAL,30,2026-06-30
PARAS,38,0,0.0,0.0,0.0,0.0,0.0,RETAIL,2026-06-19,NEUTRAL,30,2026-06-30
PATELRMART,2,0,0.0,0.0,0.0,0.0,0.0,RETAIL,2026-06-09,NEUTRAL,30,2026-06-30
PGEL,2,0,0.0,0.0,0.0,0.0,0.0,RETAIL,2026-06-16,NEUTRAL,30,2026-06-30
PIXTRANS,8,0,0.0,0.0,0.0,0.0,0.0,RETAIL,2026-06-29,NEUTRAL,30,2026-06-30
PNBGILTS,6,0,0.0,0.0,0.0,0.0,0.0,RETAIL,2026-06-05,NEUTRAL,30,2026-06-30
NAGREEKCAP,2,0,0.0,0.0,0.0,0.0,0.0,RETAIL,2026-06-19,NEUTRAL,30,2026-06-30
NARMADA,53,0,0.0,0.0,0.0,0.0,0.0918000000000001,RETAIL,2026-06-30,NEUTRAL,30,2026-06-30
ABINFRA,2,0,0.0,0.0,0.0,0.0,0.0,RETAIL,2026-06-25,NEUTRAL,30,2026-06-30
POLYSIL,3,0,0.0,0.0,0.0,0.0,0.0,RETAIL,2026-06-05,NEUTRAL,30,2026-06-30
PONNIERODE,1,0,0.0,0.0,0.0,0.0,0.0,RETAIL,2026-06-05,NEUTRAL,30,2026-06-30
POWERGRID,2,0,0.0,0.0,0.0,0.0,0.0,RETAIL,2026-06-24,NEUTRAL,30,2026-06-30
PPAP,4,0,0.0,0.0,0.0,0.0,0.0,RETAIL,2026-06-11,NEUTRAL,30,2026-06-30
PPL,4,0,0.0,0.0,0.0,0.0,0.0,RETAIL,2026-06-29,NEUTRAL,30,2026-06-30
PPSL,2,0,0.0,0.0,0.0,0.0,0.0,RETAIL,2026-06-23,NEUTRAL,30,2026-06-30
PRAMARA,7,0,0.0,0.0,0.0,0.0,0.0,RETAIL,2026-06-02,NEUTRAL,30,2026-06-30
PRESSTONIC,2,0,0.0,0.0,0.0,0.0,0.0,RETAIL,2026-06-19,NEUTRAL,30,2026-06-30
PROTEAN,1,0,0.0,0.0,0.0,0.0,0.0,RETAIL,2026-06-19,NEUTRAL,30,2026-06-30
PROZONER,1,0,0.0,0.0,0.0,0.0,0.0,RETAIL,2026-06-30,NEUTRAL,30,2026-06-30
QFIL,4,0,0.0,0.0,0.0,0.0,0.0,RETAIL,2026-06-22,NEUTRAL,30,2026-06-30
QUADFUTURE,28,0,0.0,0.0,0.0,0.0,0.0,RETAIL,2026-06-16,NEUTRAL,30,2026-06-30
QUESS,4,0,0.0,0.0,0.0,0.0,0.0,RETAIL,2026-06-05,NEUTRAL,30,2026-06-30
QUESTLAB,4,0,0.0,0.0,0.0,0.0,0.0,RETAIL,2026-06-16,NEUTRAL,30,2026-06-30
OMAXE,4,0,0.0,0.0,0.0,0.0,0.0,RETAIL,2026-06-29,NEUTRAL,30,2026-06-30
RAMASTEEL,1,0,0.0,0.0,0.0,0.0,0.0,RETAIL,2026-06-17,NEUTRAL,30,2026-06-30
RAMCOIND,10,0,0.0,0.0,0.0,0.0,0.0,RETAIL,2026-06-25,NEUTRAL,30,2026-06-30
ABCOTS,1,0,0.0,0.0,0.0,0.0,0.0,RETAIL,2026-06-22,NEUTRAL,30,2026-06-30
RATNAVEER,40,0,0.0,0.0,0.0,0.0,0.0,RETAIL,2026-06-30,NEUTRAL,30,2026-06-30
RBA,21,0,0.0,0.0,0.0,0.0,0.0,RETAIL,2026-06-30,NEUTRAL,30,2026-06-30
RELAXO,2,0,0.0,0.0,0.0,0.0,0.0,RETAIL,2026-06-25,NEUTRAL,30,2026-06-30
RELIANCE,2,0,0.0,0.0,0.0,0.0,0.0,RETAIL,2026-06-24,NEUTRAL,30,2026-06-30
RELTD,1,0,0.0,0.0,0.0,0.0,-26.1624,PROMOTER,2026-06-01,NEUTRAL,30,2026-06-30
RELTD-RE,8,0,0.0,0.0,0.0,0.0,0.0,RETAIL,2026-06-19,NEUTRAL,30,2026-06-30
RFBL,6,0,0.0,0.0,0.0,0.0,0.915,RETAIL,2026-06-03,NEUTRAL,30,2026-06-30
RHETAN,4,0,0.0,0.0,0.0,0.0,0.0,RETAIL,2026-06-22,NEUTRAL,30,2026-06-30
RICHA,4,0,0.0,0.0,0.0,0.0,0.0,RETAIL,2026-06-29,NEUTRAL,30,2026-06-30
RICOAUTO,20,0,0.0,0.0,0.0,0.0,0.0,RETAIL,2026-06-10,NEUTRAL,30,2026-06-30
RIIL,8,0,0.0,0.0,0.0,0.0,0.0,RETAIL,2026-06-29,NEUTRAL,30,2026-06-30
RITCO,3,0,0.0,0.0,0.0,0.0,0.0,RETAIL,2026-06-19,NEUTRAL,30,2026-06-30
PNGSREVA,1,0,0.0,0.0,0.0,0.0,0.0,RETAIL,2026-06-05,NEUTRAL,30,2026-06-30
RMDRIP,1,0,0.0,0.0,0.0,0.0,0.0,RETAIL,2026-06-09,NEUTRAL,30,2026-06-30
RML,2,0,0.0,0.0,0.0,0.0,0.0,RETAIL,2026-06-19,NEUTRAL,30,2026-06-30
RNFI,2,0,0.0,0.0,0.0,0.0,0.0,RETAIL,2026-06-09,NEUTRAL,30,2026-06-30
ROCKPP,3,0,0.0,0.0,0.0,0.0,0.0,RETAIL,2026-06-23,NEUTRAL,30,2026-06-30
ROTO,44,0,0.0,0.0,0.0,0.0,0.0,RETAIL,2026-06-25,NEUTRAL,30,2026-06-30
RPPL,1,0,0.0,0.0,0.0,0.0,0.0,RETAIL,2026-06-23,NEUTRAL,30,2026-06-30
RPTECH,24,0,0.0,0.0,0.0,0.0,0.0,RETAIL,2026-06-24,NEUTRAL,30,2026-06-30
RTL,4,0,0.0,0.0,0.0,0.0,0.0,RETAIL,2026-06-16,NEUTRAL,30,2026-06-30
SABEVENTS,2,0,0.0,0.0,0.0,0.0,0.0,RETAIL,2026-06-01,NEUTRAL,30,2026-06-30
SAJHOTELS,2,0,0.0,0.0,0.0,0.0,0.0,RETAIL,2026-06-24,NEUTRAL,30,2026-06-30
SAKSOFT,78,0,0.0,0.0,0.0,0.0,0.0,RETAIL,2026-06-30,NEUTRAL,30,2026-06-30
SALASAR,1,0,0.0,0.0,0.0,0.0,0.0,RETAIL,2026-06-24,NEUTRAL,30,2026-06-30
SAMPANN,1,0,0.0,0.0,0.0,0.0,0.0,RETAIL,2026-06-11,NEUTRAL,30,2026-06-30
SANGANI,1,0,0.0,0.0,0.0,0.0,0.0,RETAIL,2026-06-16,NEUTRAL,30,2026-06-30
SANGINITA,6,0,0.0,0.0,0.0,0.0,0.0,RETAIL,2026-06-23,NEUTRAL,30,2026-06-30
QUICKHEAL,2,0,0.0,0.0,0.0,0.0,0.0,RETAIL,2026-06-02,NEUTRAL,30,2026-06-30
SATECH,1,0,0.0,0.0,0.0,0.0,0.0,RETAIL,2026-06-24,NEUTRAL,30,2026-06-30
SAWALIYA,1,0,0.0,0.0,0.0,0.0,0.0,RETAIL,2026-06-10,NEUTRAL,30,2026-06-30
SBC,24,0,0.0,0.0,0.0,0.0,0.0,RETAIL,2026-06-24,NEUTRAL,30,2026-06-30
SEITINVIT,2,0,0.0,0.0,0.0,0.0,0.0,RETAIL,2026-06-19,NEUTRAL,30,2026-06-30
SEYAIND,2,0,0.0,0.0,0.0,0.0,0.0,RETAIL,2026-06-18,NEUTRAL,30,2026-06-30
SHAH,14,0,0.0,0.0,0.0,0.0,0.0,RETAIL,2026-06-25,NEUTRAL,30,2026-06-30
SHAH-RE1,10,0,0.0,0.0,0.0,0.0,0.0,RETAIL,2026-06-19,NEUTRAL,30,2026-06-30
SHAILY,3,0,0.0,0.0,0.0,0.0,0.0,RETAIL,2026-06-18,NEUTRAL,30,2026-06-30
SHANKARA,3,0,0.0,0.0,0.0,0.0,12.7568,RETAIL,2026-06-30,PROMOTER_CONFIDENCE,30,2026-06-30
SHANTIGOLD,24,0,0.0,0.0,0.0,0.0,0.0,RETAIL,2026-06-30,NEUTRAL,30,2026-06-30
SHEEL,1,0,0.0,0.0,0.0,0.0,0.0,RETAIL,2026-06-18,NEUTRAL,30,2026-06-30
SHRADHA,2,0,0.0,0.0,0.0,0.0,0.0,RETAIL,2026-06-04,NEUTRAL,30,2026-06-30
SIGNORIA,6,0,0.0,0.0,0.0,0.0,0.0,RETAIL,2026-06-18,NEUTRAL,30,2026-06-30
SIGNPOST,8,0,0.0,0.0,0.0,0.0,0.0,RETAIL,2026-06-30,NEUTRAL,30,2026-06-30
SIMCA,1,0,0.0,0.0,0.0,0.0,0.0,RETAIL,2026-06-11,NEUTRAL,30,2026-06-30
RMC,2,0,0.0,0.0,0.0,0.0,0.0,RETAIL,2026-06-22,NEUTRAL,30,2026-06-30
SINTERCOM,5,0,0.0,0.0,0.0,0.0,0.0,RETAIL,2026-06-22,NEUTRAL,30,2026-06-30
SJS,1,0,0.0,0.0,0.0,0.0,0.0,RETAIL,2026-06-01,NEUTRAL,30,2026-06-30
SKMEGGPROD,8,0,0.0,0.0,0.0,0.0,0.0,RETAIL,2026-06-02,NEUTRAL,30,2026-06-30
SKYGOLD,2,0,0.0,0.0,0.0,0.0,0.0,RETAIL,2026-06-23,NEUTRAL,30,2026-06-30
SOMICONVEY,6,0,0.0,0.0,0.0,0.0,0.0,RETAIL,2026-06-25,NEUTRAL,30,2026-06-30
SONATSOFTW,3,0,0.0,0.0,0.0,0.0,0.0,RETAIL,2026-06-16,NEUTRAL,30,2026-06-30
SOTL,4,0,0.0,0.0,0.0,0.0,0.0,RETAIL,2026-06-04,NEUTRAL,30,2026-06-30
SOUTHWEST,8,0,0.0,0.0,0.0,0.0,0.0,RETAIL,2026-06-22,NEUTRAL,30,2026-06-30
SPAL,2,0,0.0,0.0,0.0,0.0,0.0,RETAIL,2026-06-15,NEUTRAL,30,2026-06-30
SSFL,1,0,0.0,0.0,0.0,0.0,0.0,RETAIL,2026-06-05,NEUTRAL,30,2026-06-30
SSFLPP,1,0,0.0,0.0,0.0,0.0,0.0,RETAIL,2026-06-17,NEUTRAL,30,2026-06-30
STERTOOLS,2,0,0.0,0.0,0.0,0.0,0.0,RETAIL,2026-06-23,NEUTRAL,30,2026-06-30
UHTL,1,0,0.0,0.0,0.0,0.0,0.0,RETAIL,2026-06-18,NEUTRAL,30,2026-06-30
STUDDS,8,0,0.0,0.0,0.0,0.0,0.0,RETAIL,2026-06-10,NEUTRAL,30,2026-06-30
STYLEBAAZA,3,0,0.0,0.0,0.0,0.0,0.0,RETAIL,2026-06-30,NEUTRAL,30,2026-06-30
UMAEXPORTS,6,0,0.0,0.0,0.0,0.0,0.0,RETAIL,2026-06-17,NEUTRAL,30,2026-06-30
SUMEET-RE,4,0,0.0,0.0,0.0,0.0,0.0,RETAIL,2026-06-24,NEUTRAL,30,2026-06-30
SUNPHARMA,2,0,0.0,0.0,0.0,0.0,0.0,RETAIL,2026-06-24,NEUTRAL,30,2026-06-30
SUPREME,3,0,0.0,0.0,0.0,0.0,0.0,RETAIL,2026-06-24,NEUTRAL,30,2026-06-30
TARIL,4,0,0.0,0.0,0.0,0.0,0.0,RETAIL,2026-06-19,NEUTRAL,30,2026-06-30
TARSONS,18,0,0.0,0.0,0.0,0.0,0.0,RETAIL,2026-06-17,NEUTRAL,30,2026-06-30
TCIEXP,2,0,0.0,0.0,0.0,0.0,0.0,RETAIL,2026-06-24,NEUTRAL,30,2026-06-30
TCIFINANCE,9,0,0.0,0.0,0.0,0.0,0.0,RETAIL,2026-06-10,NEUTRAL,30,2026-06-30
TCS,2,0,0.0,0.0,0.0,0.0,0.0,RETAIL,2026-06-24,NEUTRAL,30,2026-06-30
TECHERA,3,0,0.0,0.0,0.0,0.0,0.0,RETAIL,2026-06-05,NEUTRAL,30,2026-06-30
TECHLABS,3,0,0.0,0.0,0.0,0.0,0.0,RETAIL,2026-06-05,NEUTRAL,30,2026-06-30
TEJASNET,22,0,0.0,0.0,0.0,0.0,0.0,RETAIL,2026-06-19,NEUTRAL,30,2026-06-30
TFCILTD,2,0,0.0,0.0,0.0,0.0,0.0,RETAIL,2026-06-22,NEUTRAL,30,2026-06-30
THESL,1,0,0.0,0.0,0.0,0.0,0.0,RETAIL,2026-06-04,NEUTRAL,30,2026-06-30
THOMASCOOK,2,0,0.0,0.0,0.0,0.0,0.0,RETAIL,2026-06-09,NEUTRAL,30,2026-06-30
TICL,11,0,0.0,0.0,0.0,0.0,0.0,RETAIL,2026-06-30,NEUTRAL,30,2026-06-30
SIMPLEXINF,1,0,0.0,0.0,0.0,0.0,0.0,RETAIL,2026-06-19,NEUTRAL,30,2026-06-30
ADANIGREEN,4,0,0.0,0.0,0.0,0.0,0.0,RETAIL,2026-06-09,NEUTRAL,30,2026-06-30
VINCOFE,13,0,0.0,0.0,0.0,0.0,0.0,RETAIL,2026-06-12,NEUTRAL,30,2026-06-30
VIPIND,6,0,0.0,0.0,0.0,0.0,0.0,RETAIL,2026-06-01,NEUTRAL,30,2026-06-30
VIPULLTD,4,0,0.0,0.0,0.0,0.0,0.0,RETAIL,2026-06-22,NEUTRAL,30,2026-06-30
VISACHROME,2,0,0.0,0.0,0.0,0.0,0.0,RETAIL,2026-06-22,NEUTRAL,30,2026-06-30
VISL,1,0,0.0,0.0,0.0,0.0,0.0,RETAIL,2026-06-15,NEUTRAL,30,2026-06-30
VOLERCAR,6,0,0.0,0.0,0.0,0.0,0.0,RETAIL,2026-06-15,NEUTRAL,30,2026-06-30
VPRPL,2,0,0.0,0.0,0.0,0.0,0.0,RETAIL,2026-06-10,NEUTRAL,30,2026-06-30
WALCHANNAG,10,0,0.0,0.0,0.0,0.0,0.0,RETAIL,2026-06-19,NEUTRAL,30,2026-06-30
WOL3D,4,0,0.0,0.0,0.0,0.0,0.0,RETAIL,2026-06-08,NEUTRAL,30,2026-06-30
YAAP,1,0,0.0,0.0,0.0,0.0,0.0,RETAIL,2026-06-22,NEUTRAL,30,2026-06-30
ZEEL,24,0,0.0,0.0,0.0,0.0,0.0,RETAIL,2026-06-12,NEUTRAL,30,2026-06-30
ZEELEARN,1,0,0.0,0.0,0.0,0.0,0.0,RETAIL,2026-06-23,NEUTRAL,30,2026-06-30
ZTECH,3,0,0.0,0.0,0.0,0.0,0.0,RETAIL,2026-06-29,NEUTRAL,30,2026-06-30
UMESLTD,2,0,0.0,0.0,0.0,0.0,0.0,RETAIL,2026-06-29,NEUTRAL,30,2026-06-30
AARTECH,2,0,0.0,0.0,0.0,0.0,0.0,RETAIL,2026-06-16,NEUTRAL,30,2026-06-30
20MICRONS,8,0,0.0,0.0,0.0,0.0,0.0,RETAIL,2026-06-23,NEUTRAL,30,2026-06-30
ADISOFT,3,0,0.0,0.0,0.0,0.0,0.0,RETAIL,2026-06-04,NEUTRAL,30,2026-06-30
ADSL,2,0,0.0,0.0,0.0,0.0,0.0,RETAIL,2026-06-24,NEUTRAL,30,2026-06-30
AEROENTER,2,0,0.0,0.0,0.0,0.0,0.0,RETAIL,2026-06-19,NEUTRAL,30,2026-06-30
AERONEU,2,0,0.0,0.0,0.0,0.0,0.0,RETAIL,2026-06-01,NEUTRAL,30,2026-06-30
AFIL,2,0,0.0,0.0,0.0,0.0,0.0,RETAIL,2026-06-11,NEUTRAL,30,2026-06-30
AGARIND,16,0,0.0,0.0,0.0,0.0,0.0,RETAIL,2026-06-16,NEUTRAL,30,2026-06-30
AGARWALTUF,2,0,0.0,0.0,0.0,0.0,0.0,RETAIL,2026-06-09,NEUTRAL,30,2026-06-30
AGIIL,20,0,0.0,0.0,0.0,0.0,0.0,RETAIL,2026-06-29,NEUTRAL,30,2026-06-30
AGRITECH,2,0,0.0,0.0,0.0,0.0,0.0,RETAIL,2026-06-08,NEUTRAL,30,2026-06-30
AHCL,1,0,0.0,0.0,0.0,0.0,0.0,RETAIL,2026-06-09,NEUTRAL,30,2026-06-30
UNICHEMLAB,14,0,0.0,0.0,0.0,0.0,0.0,RETAIL,2026-06-11,NEUTRAL,30,2026-06-30
UNIECOM,16,0,0.0,0.0,0.0,0.0,0.0,RETAIL,2026-06-11,NEUTRAL,30,2026-06-30
ALUWIND,2,0,0.0,0.0,0.0,0.0,0.0,RETAIL,2026-06-02,NEUTRAL,30,2026-06-30
AMANTA,8,0,0.0,0.0,0.0,0.0,0.0,RETAIL,2026-06-11,NEUTRAL,30,2026-06-30
SUBROS,4,0,0.0,0.0,0.0,0.0,0.0,RETAIL,2026-06-22,NEUTRAL,30,2026-06-30
CHEMPLASTS,2,2,-239.0,-0.0053000000000054115,0.0,-0.0053000000000054115,0.0,MF,2026-06-01,NEUTRAL,30,2026-06-30
ALLCARGO,2,2,-17395120.0,-15.0642,-15.0642,0.0,0.0,FII,2026-06-19,INSTITUTIONAL_DISTRIBUTION,30,2026-06-30
FINPIPE,1,1,-4270000.0,-72.4662,0.0,0.0,0.0,INSURANCE,2026-06-17,INSTITUTIONAL_DISTRIBUTION,30,2026-06-30
PINELABS,4,1,-7885927.0,-115.1109,-115.1109,0.0,0.0,RETAIL,2026-06-24,INSTITUTIONAL_DISTRIBUTION,30,2026-06-30
