symbol,index_names,index_slugs,sector_hints,index_count,dominant_sector_hint,last_updated
360ONE,NIFTY 200|NIFTY 500|NIFTY LARGEMIDCAP 250|NIFTY MIDCAP 100|NIFTY MIDCAP 150|NIFTY MIDSMALLCAP 400,nifty_200|nifty_500|nifty_largemidcap_250|nifty_midcap_100|nifty_midcap_150|nifty_midsmallcap_400,,6,,2026-06-30
3MINDIA,NIFTY 500|NIFTY LARGEMIDCAP 250|NIFTY MIDCAP 150|NIFTY MIDSMALLCAP 400|NIFTY MNC,nifty_500|nifty_largemidcap_250|nifty_midcap_150|nifty_midsmallcap_400|nifty_mnc,,5,,2026-06-30
AADHARHFC,NIFTY 500|NIFTY MIDSMALLCAP 400|NIFTY SMALLCAP 250,nifty_500|nifty_midsmallcap_400|nifty_smallcap_250,,3,,2026-06-30
AARTIIND,NIFTY 500|NIFTY MIDSMALLCAP 400|NIFTY SMALLCAP 100|NIFTY SMALLCAP 250,nifty_500|nifty_midsmallcap_400|nifty_smallcap_100|nifty_smallcap_250,,4,,2026-06-30
AAVAS,NIFTY 500|NIFTY MIDSMALLCAP 400|NIFTY SMALLCAP 250,nifty_500|nifty_midsmallcap_400|nifty_smallcap_250,,3,,2026-06-30
ABB,NIFTY 100|NIFTY 200|NIFTY 500|NIFTY ENERGY|NIFTY LARGEMIDCAP 250|NIFTY MNC|NIFTY NEXT 50,nifty_100|nifty_200|nifty_500|nifty_energy|nifty_largemidcap_250|nifty_mnc|nifty_next_50,ENERGY,7,ENERGY,2026-06-30
ABBOTINDIA,NIFTY 500|NIFTY HEALTHCARE INDEX|NIFTY LARGEMIDCAP 250|NIFTY MIDCAP 150|NIFTY MIDSMALLCAP 400|NIFTY MNC|NIFTY PHARMA,nifty_500|nifty_healthcare_index|nifty_largemidcap_250|nifty_midcap_150|nifty_midsmallcap_400|nifty_mnc|nifty_pharma,HEALTHCARE|PHARMA,7,HEALTHCARE,2026-06-30
ABCAPITAL,NIFTY 200|NIFTY 500|NIFTY LARGEMIDCAP 250|NIFTY MIDCAP 100|NIFTY MIDCAP 150|NIFTY MIDSMALLCAP 400,nifty_200|nifty_500|nifty_largemidcap_250|nifty_midcap_100|nifty_midcap_150|nifty_midsmallcap_400,,6,,2026-06-30
ABDL,NIFTY 500|NIFTY MIDSMALLCAP 400|NIFTY SMALLCAP 250,nifty_500|nifty_midsmallcap_400|nifty_smallcap_250,,3,,2026-06-30
ABFRL,NIFTY 500|NIFTY MIDSMALLCAP 400|NIFTY SMALLCAP 250,nifty_500|nifty_midsmallcap_400|nifty_smallcap_250,,3,,2026-06-30
ABLBL,NIFTY 500|NIFTY MIDSMALLCAP 400|NIFTY SMALLCAP 250,nifty_500|nifty_midsmallcap_400|nifty_smallcap_250,,3,,2026-06-30
ABREL,NIFTY 500|NIFTY MIDSMALLCAP 400|NIFTY REALTY|NIFTY SMALLCAP 100|NIFTY SMALLCAP 250,nifty_500|nifty_midsmallcap_400|nifty_realty|nifty_smallcap_100|nifty_smallcap_250,REALTY,5,REALTY,2026-06-30
ABSLAMC,NIFTY 500|NIFTY MIDSMALLCAP 400|NIFTY SMALLCAP 250,nifty_500|nifty_midsmallcap_400|nifty_smallcap_250,,3,,2026-06-30
ACC,NIFTY 500|NIFTY LARGEMIDCAP 250|NIFTY MIDCAP 150|NIFTY MIDSMALLCAP 400,nifty_500|nifty_largemidcap_250|nifty_midcap_150|nifty_midsmallcap_400,,4,,2026-06-30
ACE,NIFTY 500|NIFTY MIDSMALLCAP 400|NIFTY SMALLCAP 250,nifty_500|nifty_midsmallcap_400|nifty_smallcap_250,,3,,2026-06-30
ACMESOLAR,NIFTY 500|NIFTY MIDSMALLCAP 400|NIFTY SMALLCAP 250,nifty_500|nifty_midsmallcap_400|nifty_smallcap_250,,3,,2026-06-30
ACUTAAS,NIFTY 500|NIFTY MIDSMALLCAP 400|NIFTY SMALLCAP 250,nifty_500|nifty_midsmallcap_400|nifty_smallcap_250,,3,,2026-06-30
ADANIENSOL,NIFTY 100|NIFTY 200|NIFTY 500|NIFTY COMMODITIES|NIFTY ENERGY|NIFTY LARGEMIDCAP 250|NIFTY NEXT 50,nifty_100|nifty_200|nifty_500|nifty_commodities|nifty_energy|nifty_largemidcap_250|nifty_next_50,ENERGY,7,ENERGY,2026-06-30
ADANIENT,NIFTY 100|NIFTY 200|NIFTY 50|NIFTY 500|NIFTY LARGEMIDCAP 250|NIFTY METAL,nifty_100|nifty_200|nifty_50|nifty_500|nifty_largemidcap_250|nifty_metal,METAL,6,METAL,2026-06-30
ADANIGREEN,NIFTY 100|NIFTY 200|NIFTY 500|NIFTY COMMODITIES|NIFTY ENERGY|NIFTY LARGEMIDCAP 250|NIFTY NEXT 50,nifty_100|nifty_200|nifty_500|nifty_commodities|nifty_energy|nifty_largemidcap_250|nifty_next_50,ENERGY,7,ENERGY,2026-06-30
ADANIPORTS,NIFTY 100|NIFTY 200|NIFTY 50|NIFTY 500|NIFTY LARGEMIDCAP 250,nifty_100|nifty_200|nifty_50|nifty_500|nifty_largemidcap_250,,5,,2026-06-30
ADANIPOWER,NIFTY 100|NIFTY 200|NIFTY 500|NIFTY COMMODITIES|NIFTY ENERGY|NIFTY LARGEMIDCAP 250|NIFTY NEXT 50,nifty_100|nifty_200|nifty_500|nifty_commodities|nifty_energy|nifty_largemidcap_250|nifty_next_50,ENERGY,7,ENERGY,2026-06-30
AEGISLOG,NIFTY 500|NIFTY ENERGY|NIFTY MIDSMALLCAP 400|NIFTY OIL & GAS|NIFTY SMALLCAP 100|NIFTY SMALLCAP 250,nifty_500|nifty_energy|nifty_midsmallcap_400|nifty_oil_gas|nifty_smallcap_100|nifty_smallcap_250,ENERGY,6,ENERGY,2026-06-30
AEGISVOPAK,NIFTY 500|NIFTY MIDSMALLCAP 400|NIFTY OIL & GAS|NIFTY SMALLCAP 250,nifty_500|nifty_midsmallcap_400|nifty_oil_gas|nifty_smallcap_250,ENERGY,4,ENERGY,2026-06-30
AFCONS,NIFTY 500|NIFTY MIDSMALLCAP 400|NIFTY SMALLCAP 100|NIFTY SMALLCAP 250,nifty_500|nifty_midsmallcap_400|nifty_smallcap_100|nifty_smallcap_250,,4,,2026-06-30
AFFLE,NIFTY 500|NIFTY MIDSMALLCAP 400|NIFTY SMALLCAP 100|NIFTY SMALLCAP 250,nifty_500|nifty_midsmallcap_400|nifty_smallcap_100|nifty_smallcap_250,,4,,2026-06-30
AIAENG,NIFTY 500|NIFTY LARGEMIDCAP 250|NIFTY MIDCAP 150|NIFTY MIDSMALLCAP 400,nifty_500|nifty_largemidcap_250|nifty_midcap_150|nifty_midsmallcap_400,,4,,2026-06-30
AIIL,NIFTY 500|NIFTY LARGEMIDCAP 250|NIFTY MIDCAP 150|NIFTY MIDSMALLCAP 400,nifty_500|nifty_largemidcap_250|nifty_midcap_150|nifty_midsmallcap_400,,4,,2026-06-30
AJANTPHARM,NIFTY 500|NIFTY LARGEMIDCAP 250|NIFTY MIDCAP 150|NIFTY MIDSMALLCAP 400|NIFTY PHARMA,nifty_500|nifty_largemidcap_250|nifty_midcap_150|nifty_midsmallcap_400|nifty_pharma,PHARMA,5,PHARMA,2026-06-30
ALKEM,NIFTY 200|NIFTY 500|NIFTY HEALTHCARE INDEX|NIFTY LARGEMIDCAP 250|NIFTY MIDCAP 100|NIFTY MIDCAP 150|NIFTY MIDCAP 50|NIFTY MIDSMALLCAP 400|NIFTY PHARMA,nifty_200|nifty_500|nifty_healthcare_index|nifty_largemidcap_250|nifty_midcap_100|nifty_midcap_150|nifty_midcap_50|nifty_midsmallcap_400|nifty_pharma,HEALTHCARE|PHARMA,9,HEALTHCARE,2026-06-30
AMBER,NIFTY 500|NIFTY CONSUMER DURABLES|NIFTY MIDSMALLCAP 400|NIFTY SMALLCAP 100|NIFTY SMALLCAP 250,nifty_500|nifty_consumer_durables|nifty_midsmallcap_400|nifty_smallcap_100|nifty_smallcap_250,FMCG,5,FMCG,2026-06-30
AMBUJACEM,NIFTY 100|NIFTY 200|NIFTY 500|NIFTY COMMODITIES|NIFTY LARGEMIDCAP 250|NIFTY MNC|NIFTY NEXT 50,nifty_100|nifty_200|nifty_500|nifty_commodities|nifty_largemidcap_250|nifty_mnc|nifty_next_50,,7,,2026-06-30
ANANDRATHI,NIFTY 500|NIFTY MIDSMALLCAP 400|NIFTY SMALLCAP 100|NIFTY SMALLCAP 250,nifty_500|nifty_midsmallcap_400|nifty_smallcap_100|nifty_smallcap_250,,4,,2026-06-30
ANANTRAJ,NIFTY 500|NIFTY MIDSMALLCAP 400|NIFTY REALTY|NIFTY SMALLCAP 100|NIFTY SMALLCAP 250,nifty_500|nifty_midsmallcap_400|nifty_realty|nifty_smallcap_100|nifty_smallcap_250,REALTY,5,REALTY,2026-06-30
ANGELONE,NIFTY 500|NIFTY MIDSMALLCAP 400|NIFTY SMALLCAP 100|NIFTY SMALLCAP 250,nifty_500|nifty_midsmallcap_400|nifty_smallcap_100|nifty_smallcap_250,,4,,2026-06-30
ANTHEM,NIFTY 500|NIFTY LARGEMIDCAP 250|NIFTY MIDCAP 150|NIFTY MIDSMALLCAP 400,nifty_500|nifty_largemidcap_250|nifty_midcap_150|nifty_midsmallcap_400,,4,,2026-06-30
ANURAS,NIFTY 500|NIFTY MIDSMALLCAP 400|NIFTY SMALLCAP 250,nifty_500|nifty_midsmallcap_400|nifty_smallcap_250,,3,,2026-06-30
APARINDS,NIFTY 500|NIFTY LARGEMIDCAP 250|NIFTY MIDCAP 150|NIFTY MIDSMALLCAP 400,nifty_500|nifty_largemidcap_250|nifty_midcap_150|nifty_midsmallcap_400,,4,,2026-06-30
APLAPOLLO,NIFTY 200|NIFTY 500|NIFTY COMMODITIES|NIFTY LARGEMIDCAP 250|NIFTY METAL|NIFTY MIDCAP 100|NIFTY MIDCAP 150|NIFTY MIDCAP 50|NIFTY MIDSMALLCAP 400,nifty_200|nifty_500|nifty_commodities|nifty_largemidcap_250|nifty_metal|nifty_midcap_100|nifty_midcap_150|nifty_midcap_50|nifty_midsmallcap_400,METAL,9,METAL,2026-06-30
APOLLOHOSP,NIFTY 100|NIFTY 200|NIFTY 50|NIFTY 500|NIFTY HEALTHCARE INDEX|NIFTY LARGEMIDCAP 250,nifty_100|nifty_200|nifty_50|nifty_500|nifty_healthcare_index|nifty_largemidcap_250,HEALTHCARE,6,HEALTHCARE,2026-06-30
APOLLOTYRE,NIFTY 500|NIFTY LARGEMIDCAP 250|NIFTY MIDCAP 150|NIFTY MIDSMALLCAP 400,nifty_500|nifty_largemidcap_250|nifty_midcap_150|nifty_midsmallcap_400,,4,,2026-06-30
APTUS,NIFTY 500|NIFTY MIDSMALLCAP 400|NIFTY SMALLCAP 100|NIFTY SMALLCAP 250,nifty_500|nifty_midsmallcap_400|nifty_smallcap_100|nifty_smallcap_250,,4,,2026-06-30
ARE&M,NIFTY 500|NIFTY MIDSMALLCAP 400|NIFTY SMALLCAP 100|NIFTY SMALLCAP 250,nifty_500|nifty_midsmallcap_400|nifty_smallcap_100|nifty_smallcap_250,,4,,2026-06-30
ASAHIINDIA,NIFTY 500|NIFTY MIDSMALLCAP 400|NIFTY SMALLCAP 250,nifty_500|nifty_midsmallcap_400|nifty_smallcap_250,,3,,2026-06-30
ASHOKLEY,NIFTY 200|NIFTY 500|NIFTY AUTO|NIFTY LARGEMIDCAP 250|NIFTY MIDCAP 100|NIFTY MIDCAP 150|NIFTY MIDCAP 50|NIFTY MIDSMALLCAP 400|NIFTY MNC,nifty_200|nifty_500|nifty_auto|nifty_largemidcap_250|nifty_midcap_100|nifty_midcap_150|nifty_midcap_50|nifty_midsmallcap_400|nifty_mnc,AUTO,9,AUTO,2026-06-30
ASIANPAINT,NIFTY 100|NIFTY 200|NIFTY 50|NIFTY 500|NIFTY LARGEMIDCAP 250,nifty_100|nifty_200|nifty_50|nifty_500|nifty_largemidcap_250,,5,,2026-06-30
ASTERDM,NIFTY 500|NIFTY MIDSMALLCAP 400|NIFTY SMALLCAP 100|NIFTY SMALLCAP 250,nifty_500|nifty_midsmallcap_400|nifty_smallcap_100|nifty_smallcap_250,,4,,2026-06-30
ASTRAL,NIFTY 200|NIFTY 500|NIFTY LARGEMIDCAP 250|NIFTY MIDCAP 100|NIFTY MIDCAP 150|NIFTY MIDSMALLCAP 400,nifty_200|nifty_500|nifty_largemidcap_250|nifty_midcap_100|nifty_midcap_150|nifty_midsmallcap_400,,6,,2026-06-30
ATGL,NIFTY 200|NIFTY 500|NIFTY ENERGY|NIFTY LARGEMIDCAP 250|NIFTY MIDCAP 100|NIFTY MIDCAP 150|NIFTY MIDSMALLCAP 400|NIFTY OIL & GAS,nifty_200|nifty_500|nifty_energy|nifty_largemidcap_250|nifty_midcap_100|nifty_midcap_150|nifty_midsmallcap_400|nifty_oil_gas,ENERGY,8,ENERGY,2026-06-30
ATHERENERG,NIFTY 500|NIFTY MIDSMALLCAP 400|NIFTY SMALLCAP 100|NIFTY SMALLCAP 250,nifty_500|nifty_midsmallcap_400|nifty_smallcap_100|nifty_smallcap_250,,4,,2026-06-30
ATUL,NIFTY 500|NIFTY MIDSMALLCAP 400|NIFTY SMALLCAP 250,nifty_500|nifty_midsmallcap_400|nifty_smallcap_250,,3,,2026-06-30
AUBANK,NIFTY 200|NIFTY 500|NIFTY BANK|NIFTY LARGEMIDCAP 250|NIFTY MIDCAP 100|NIFTY MIDCAP 150|NIFTY MIDCAP 50|NIFTY MIDSMALLCAP 400,nifty_200|nifty_500|nifty_bank|nifty_largemidcap_250|nifty_midcap_100|nifty_midcap_150|nifty_midcap_50|nifty_midsmallcap_400,BANKING,8,BANKING,2026-06-30
AUROPHARMA,NIFTY 200|NIFTY 500|NIFTY HEALTHCARE INDEX|NIFTY LARGEMIDCAP 250|NIFTY MIDCAP 100|NIFTY MIDCAP 150|NIFTY MIDCAP 50|NIFTY MIDSMALLCAP 400|NIFTY PHARMA,nifty_200|nifty_500|nifty_healthcare_index|nifty_largemidcap_250|nifty_midcap_100|nifty_midcap_150|nifty_midcap_50|nifty_midsmallcap_400|nifty_pharma,HEALTHCARE|PHARMA,9,HEALTHCARE,2026-06-30
AWL,NIFTY 500|NIFTY LARGEMIDCAP 250|NIFTY MIDCAP 150|NIFTY MIDSMALLCAP 400|NIFTY MNC,nifty_500|nifty_largemidcap_250|nifty_midcap_150|nifty_midsmallcap_400|nifty_mnc,,5,,2026-06-30
AXISBANK,NIFTY 100|NIFTY 200|NIFTY 50|NIFTY 500|NIFTY BANK|NIFTY FINANCIAL SERVICES 25/50|NIFTY LARGEMIDCAP 250,nifty_100|nifty_200|nifty_50|nifty_500|nifty_bank|nifty_financial_services_25_50|nifty_largemidcap_250,BANKING|FINANCIAL_SERVICES,7,BANKING,2026-06-30
BAJAJ-AUTO,NIFTY 100|NIFTY 200|NIFTY 50|NIFTY 500|NIFTY AUTO|NIFTY LARGEMIDCAP 250,nifty_100|nifty_200|nifty_50|nifty_500|nifty_auto|nifty_largemidcap_250,AUTO,6,AUTO,2026-06-30
BAJAJFINSV,NIFTY 100|NIFTY 200|NIFTY 50|NIFTY 500|NIFTY FINANCIAL SERVICES 25/50|NIFTY LARGEMIDCAP 250,nifty_100|nifty_200|nifty_50|nifty_500|nifty_financial_services_25_50|nifty_largemidcap_250,FINANCIAL_SERVICES,6,FINANCIAL_SERVICES,2026-06-30
BAJAJHFL,NIFTY 500|NIFTY LARGEMIDCAP 250|NIFTY MIDCAP 150|NIFTY MIDSMALLCAP 400,nifty_500|nifty_largemidcap_250|nifty_midcap_150|nifty_midsmallcap_400,,4,,2026-06-30
BAJAJHLDNG,NIFTY 100|NIFTY 200|NIFTY 500|NIFTY LARGEMIDCAP 250|NIFTY NEXT 50,nifty_100|nifty_200|nifty_500|nifty_largemidcap_250|nifty_next_50,,5,,2026-06-30
BAJFINANCE,NIFTY 100|NIFTY 200|NIFTY 50|NIFTY 500|NIFTY FINANCIAL SERVICES 25/50|NIFTY LARGEMIDCAP 250,nifty_100|nifty_200|nifty_50|nifty_500|nifty_financial_services_25_50|nifty_largemidcap_250,FINANCIAL_SERVICES,6,FINANCIAL_SERVICES,2026-06-30
BALKRISIND,NIFTY 500|NIFTY LARGEMIDCAP 250|NIFTY MIDCAP 150|NIFTY MIDSMALLCAP 400,nifty_500|nifty_largemidcap_250|nifty_midcap_150|nifty_midsmallcap_400,,4,,2026-06-30
BALRAMCHIN,NIFTY 500|NIFTY MIDSMALLCAP 400|NIFTY SMALLCAP 250,nifty_500|nifty_midsmallcap_400|nifty_smallcap_250,,3,,2026-06-30
BANDHANBNK,NIFTY 500|NIFTY MIDSMALLCAP 400|NIFTY SMALLCAP 100|NIFTY SMALLCAP 250,nifty_500|nifty_midsmallcap_400|nifty_smallcap_100|nifty_smallcap_250,,4,,2026-06-30
BANKBARODA,NIFTY 100|NIFTY 200|NIFTY 500|NIFTY BANK|NIFTY LARGEMIDCAP 250|NIFTY NEXT 50|NIFTY PSU BANK,nifty_100|nifty_200|nifty_500|nifty_bank|nifty_largemidcap_250|nifty_next_50|nifty_psu_bank,BANKING,7,BANKING,2026-06-30
BANKINDIA,NIFTY 200|NIFTY 500|NIFTY LARGEMIDCAP 250|NIFTY MIDCAP 100|NIFTY MIDCAP 150|NIFTY MIDSMALLCAP 400|NIFTY PSU BANK,nifty_200|nifty_500|nifty_largemidcap_250|nifty_midcap_100|nifty_midcap_150|nifty_midsmallcap_400|nifty_psu_bank,BANKING,7,BANKING,2026-06-30
BATAINDIA,NIFTY 500|NIFTY CONSUMER DURABLES|NIFTY MIDSMALLCAP 400|NIFTY SMALLCAP 250,nifty_500|nifty_consumer_durables|nifty_midsmallcap_400|nifty_smallcap_250,FMCG,4,FMCG,2026-06-30
BAYERCROP,NIFTY 500|NIFTY MIDSMALLCAP 400|NIFTY SMALLCAP 250,nifty_500|nifty_midsmallcap_400|nifty_smallcap_250,,3,,2026-06-30
BBTC,NIFTY 500|NIFTY MIDSMALLCAP 400|NIFTY SMALLCAP 250,nifty_500|nifty_midsmallcap_400|nifty_smallcap_250,,3,,2026-06-30
BDL,NIFTY 200|NIFTY 500|NIFTY LARGEMIDCAP 250|NIFTY MIDCAP 100|NIFTY MIDCAP 150|NIFTY MIDSMALLCAP 400,nifty_200|nifty_500|nifty_largemidcap_250|nifty_midcap_100|nifty_midcap_150|nifty_midsmallcap_400,,6,,2026-06-30
BEL,NIFTY 100|NIFTY 200|NIFTY 50|NIFTY 500|NIFTY CPSE|NIFTY LARGEMIDCAP 250|NIFTY PSE,nifty_100|nifty_200|nifty_50|nifty_500|nifty_cpse|nifty_largemidcap_250|nifty_pse,,7,,2026-06-30
BELRISE,NIFTY 500|NIFTY MIDSMALLCAP 400|NIFTY SMALLCAP 250,nifty_500|nifty_midsmallcap_400|nifty_smallcap_250,,3,,2026-06-30
BEML,NIFTY 500|NIFTY MIDSMALLCAP 400|NIFTY SMALLCAP 100|NIFTY SMALLCAP 250,nifty_500|nifty_midsmallcap_400|nifty_smallcap_100|nifty_smallcap_250,,4,,2026-06-30
BERGEPAINT,NIFTY 500|NIFTY LARGEMIDCAP 250|NIFTY MIDCAP 150|NIFTY MIDSMALLCAP 400,nifty_500|nifty_largemidcap_250|nifty_midcap_150|nifty_midsmallcap_400,,4,,2026-06-30
BHARATFORG,NIFTY 200|NIFTY 500|NIFTY AUTO|NIFTY LARGEMIDCAP 250|NIFTY MIDCAP 100|NIFTY MIDCAP 150|NIFTY MIDCAP 50|NIFTY MIDSMALLCAP 400,nifty_200|nifty_500|nifty_auto|nifty_largemidcap_250|nifty_midcap_100|nifty_midcap_150|nifty_midcap_50|nifty_midsmallcap_400,AUTO,8,AUTO,2026-06-30
BHARTIARTL,NIFTY 100|NIFTY 200|NIFTY 50|NIFTY 500|NIFTY LARGEMIDCAP 250,nifty_100|nifty_200|nifty_50|nifty_500|nifty_largemidcap_250,,5,,2026-06-30
BHARTIHEXA,NIFTY 500|NIFTY LARGEMIDCAP 250|NIFTY MIDCAP 150|NIFTY MIDSMALLCAP 400,nifty_500|nifty_largemidcap_250|nifty_midcap_150|nifty_midsmallcap_400,,4,,2026-06-30
BHEL,NIFTY 200|NIFTY 500|NIFTY ENERGY|NIFTY LARGEMIDCAP 250|NIFTY MIDCAP 100|NIFTY MIDCAP 150|NIFTY MIDCAP 50|NIFTY MIDSMALLCAP 400|NIFTY PSE,nifty_200|nifty_500|nifty_energy|nifty_largemidcap_250|nifty_midcap_100|nifty_midcap_150|nifty_midcap_50|nifty_midsmallcap_400|nifty_pse,ENERGY,9,ENERGY,2026-06-30
BIKAJI,NIFTY 500|NIFTY MIDSMALLCAP 400|NIFTY SMALLCAP 250,nifty_500|nifty_midsmallcap_400|nifty_smallcap_250,,3,,2026-06-30
BIOCON,NIFTY 200|NIFTY 500|NIFTY HEALTHCARE INDEX|NIFTY LARGEMIDCAP 250|NIFTY MIDCAP 100|NIFTY MIDCAP 150|NIFTY MIDSMALLCAP 400|NIFTY PHARMA,nifty_200|nifty_500|nifty_healthcare_index|nifty_largemidcap_250|nifty_midcap_100|nifty_midcap_150|nifty_midsmallcap_400|nifty_pharma,HEALTHCARE|PHARMA,8,HEALTHCARE,2026-06-30
BLS,NIFTY 500|NIFTY MIDSMALLCAP 400|NIFTY SMALLCAP 100|NIFTY SMALLCAP 250,nifty_500|nifty_midsmallcap_400|nifty_smallcap_100|nifty_smallcap_250,,4,,2026-06-30
BLUEDART,NIFTY 500|NIFTY MIDSMALLCAP 400|NIFTY SMALLCAP 250,nifty_500|nifty_midsmallcap_400|nifty_smallcap_250,,3,,2026-06-30
BLUEJET,NIFTY 500|NIFTY MIDSMALLCAP 400|NIFTY SMALLCAP 250,nifty_500|nifty_midsmallcap_400|nifty_smallcap_250,,3,,2026-06-30
BLUESTARCO,NIFTY 200|NIFTY 500|NIFTY CONSUMER DURABLES|NIFTY LARGEMIDCAP 250|NIFTY MIDCAP 100|NIFTY MIDCAP 150|NIFTY MIDSMALLCAP 400,nifty_200|nifty_500|nifty_consumer_durables|nifty_largemidcap_250|nifty_midcap_100|nifty_midcap_150|nifty_midsmallcap_400,FMCG,7,FMCG,2026-06-30
BOSCHLTD,NIFTY 100|NIFTY 200|NIFTY 500|NIFTY AUTO|NIFTY LARGEMIDCAP 250|NIFTY MNC|NIFTY NEXT 50,nifty_100|nifty_200|nifty_500|nifty_auto|nifty_largemidcap_250|nifty_mnc|nifty_next_50,AUTO,7,AUTO,2026-06-30
BPCL,NIFTY 100|NIFTY 200|NIFTY 500|NIFTY COMMODITIES|NIFTY ENERGY|NIFTY LARGEMIDCAP 250|NIFTY NEXT 50|NIFTY OIL & GAS|NIFTY PSE,nifty_100|nifty_200|nifty_500|nifty_commodities|nifty_energy|nifty_largemidcap_250|nifty_next_50|nifty_oil_gas|nifty_pse,ENERGY,9,ENERGY,2026-06-30
BRIGADE,NIFTY 500|NIFTY MIDSMALLCAP 400|NIFTY REALTY|NIFTY SMALLCAP 100|NIFTY SMALLCAP 250,nifty_500|nifty_midsmallcap_400|nifty_realty|nifty_smallcap_100|nifty_smallcap_250,REALTY,5,REALTY,2026-06-30
BRITANNIA,NIFTY 100|NIFTY 200|NIFTY 500|NIFTY FMCG|NIFTY LARGEMIDCAP 250|NIFTY MNC|NIFTY NEXT 50,nifty_100|nifty_200|nifty_500|nifty_fmcg|nifty_largemidcap_250|nifty_mnc|nifty_next_50,FMCG,7,FMCG,2026-06-30
BSE,NIFTY 200|NIFTY 500|NIFTY FINANCIAL SERVICES 25/50|NIFTY LARGEMIDCAP 250|NIFTY MIDCAP 100|NIFTY MIDCAP 150|NIFTY MIDCAP 50|NIFTY MIDSMALLCAP 400,nifty_200|nifty_500|nifty_financial_services_25_50|nifty_largemidcap_250|nifty_midcap_100|nifty_midcap_150|nifty_midcap_50|nifty_midsmallcap_400,FINANCIAL_SERVICES,8,FINANCIAL_SERVICES,2026-06-30
BSOFT,NIFTY 500|NIFTY MIDSMALLCAP 400|NIFTY SMALLCAP 250,nifty_500|nifty_midsmallcap_400|nifty_smallcap_250,,3,,2026-06-30
CAMS,NIFTY 500|NIFTY MIDSMALLCAP 400|NIFTY SMALLCAP 100|NIFTY SMALLCAP 250,nifty_500|nifty_midsmallcap_400|nifty_smallcap_100|nifty_smallcap_250,,4,,2026-06-30
CANBK,NIFTY 100|NIFTY 200|NIFTY 500|NIFTY BANK|NIFTY LARGEMIDCAP 250|NIFTY NEXT 50|NIFTY PSU BANK,nifty_100|nifty_200|nifty_500|nifty_bank|nifty_largemidcap_250|nifty_next_50|nifty_psu_bank,BANKING,7,BANKING,2026-06-30
CANFINHOME,NIFTY 500|NIFTY MIDSMALLCAP 400|NIFTY SMALLCAP 250,nifty_500|nifty_midsmallcap_400|nifty_smallcap_250,,3,,2026-06-30
CANHLIFE,NIFTY 500|NIFTY MIDSMALLCAP 400|NIFTY SMALLCAP 250,nifty_500|nifty_midsmallcap_400|nifty_smallcap_250,,3,,2026-06-30
CAPLIPOINT,NIFTY 500|NIFTY MIDSMALLCAP 400|NIFTY SMALLCAP 250,nifty_500|nifty_midsmallcap_400|nifty_smallcap_250,,3,,2026-06-30
CARBORUNIV,NIFTY 500|NIFTY MIDSMALLCAP 400|NIFTY SMALLCAP 250,nifty_500|nifty_midsmallcap_400|nifty_smallcap_250,,3,,2026-06-30
CARTRADE,NIFTY 500|NIFTY MIDSMALLCAP 400|NIFTY SMALLCAP 250,nifty_500|nifty_midsmallcap_400|nifty_smallcap_250,,3,,2026-06-30
CASTROLIND,NIFTY 500|NIFTY ENERGY|NIFTY MIDSMALLCAP 400|NIFTY MNC|NIFTY OIL & GAS|NIFTY SMALLCAP 100|NIFTY SMALLCAP 250,nifty_500|nifty_energy|nifty_midsmallcap_400|nifty_mnc|nifty_oil_gas|nifty_smallcap_100|nifty_smallcap_250,ENERGY,7,ENERGY,2026-06-30
CCL,NIFTY 500|NIFTY MIDSMALLCAP 400|NIFTY SMALLCAP 250,nifty_500|nifty_midsmallcap_400|nifty_smallcap_250,,3,,2026-06-30
CDSL,NIFTY 500|NIFTY MIDSMALLCAP 400|NIFTY SMALLCAP 100|NIFTY SMALLCAP 250,nifty_500|nifty_midsmallcap_400|nifty_smallcap_100|nifty_smallcap_250,,4,,2026-06-30
CEATLTD,NIFTY 500|NIFTY MIDSMALLCAP 400|NIFTY SMALLCAP 250,nifty_500|nifty_midsmallcap_400|nifty_smallcap_250,,3,,2026-06-30
CEMPRO,NIFTY 500|NIFTY MIDSMALLCAP 400|NIFTY SMALLCAP 250,nifty_500|nifty_midsmallcap_400|nifty_smallcap_250,,3,,2026-06-30
CENTRALBK,NIFTY 500|NIFTY MIDSMALLCAP 400|NIFTY PSU BANK|NIFTY SMALLCAP 250,nifty_500|nifty_midsmallcap_400|nifty_psu_bank|nifty_smallcap_250,BANKING,4,BANKING,2026-06-30
CESC,NIFTY 500|NIFTY ENERGY|NIFTY MIDSMALLCAP 400|NIFTY SMALLCAP 100|NIFTY SMALLCAP 250,nifty_500|nifty_energy|nifty_midsmallcap_400|nifty_smallcap_100|nifty_smallcap_250,ENERGY,5,ENERGY,2026-06-30
CGCL,NIFTY 500|NIFTY MIDSMALLCAP 400|NIFTY SMALLCAP 100|NIFTY SMALLCAP 250,nifty_500|nifty_midsmallcap_400|nifty_smallcap_100|nifty_smallcap_250,,4,,2026-06-30
CGPOWER,NIFTY 100|NIFTY 200|NIFTY 500|NIFTY ENERGY|NIFTY LARGEMIDCAP 250|NIFTY NEXT 50,nifty_100|nifty_200|nifty_500|nifty_energy|nifty_largemidcap_250|nifty_next_50,ENERGY,6,ENERGY,2026-06-30
CHALET,NIFTY 500|NIFTY MIDSMALLCAP 400|NIFTY SMALLCAP 250,nifty_500|nifty_midsmallcap_400|nifty_smallcap_250,,3,,2026-06-30
CHAMBLFERT,NIFTY 500|NIFTY MIDSMALLCAP 400|NIFTY SMALLCAP 100|NIFTY SMALLCAP 250,nifty_500|nifty_midsmallcap_400|nifty_smallcap_100|nifty_smallcap_250,,4,,2026-06-30
CHENNPETRO,NIFTY 500|NIFTY MIDSMALLCAP 400|NIFTY OIL & GAS|NIFTY SMALLCAP 250,nifty_500|nifty_midsmallcap_400|nifty_oil_gas|nifty_smallcap_250,ENERGY,4,ENERGY,2026-06-30
CHOICEIN,NIFTY 500|NIFTY MIDSMALLCAP 400|NIFTY SMALLCAP 250,nifty_500|nifty_midsmallcap_400|nifty_smallcap_250,,3,,2026-06-30
CHOLAFIN,NIFTY 100|NIFTY 200|NIFTY 500|NIFTY FINANCIAL SERVICES 25/50|NIFTY LARGEMIDCAP 250|NIFTY NEXT 50,nifty_100|nifty_200|nifty_500|nifty_financial_services_25_50|nifty_largemidcap_250|nifty_next_50,FINANCIAL_SERVICES,6,FINANCIAL_SERVICES,2026-06-30
CHOLAHLDNG,NIFTY 500|NIFTY MIDSMALLCAP 400|NIFTY SMALLCAP 100|NIFTY SMALLCAP 250,nifty_500|nifty_midsmallcap_400|nifty_smallcap_100|nifty_smallcap_250,,4,,2026-06-30
CIEINDIA,NIFTY 500|NIFTY MIDSMALLCAP 400|NIFTY SMALLCAP 250,nifty_500|nifty_midsmallcap_400|nifty_smallcap_250,,3,,2026-06-30
CIPLA,NIFTY 100|NIFTY 200|NIFTY 50|NIFTY 500|NIFTY HEALTHCARE INDEX|NIFTY LARGEMIDCAP 250|NIFTY PHARMA,nifty_100|nifty_200|nifty_50|nifty_500|nifty_healthcare_index|nifty_largemidcap_250|nifty_pharma,HEALTHCARE|PHARMA,7,HEALTHCARE,2026-06-30
CLEAN,NIFTY 500|NIFTY MIDSMALLCAP 400|NIFTY SMALLCAP 250,nifty_500|nifty_midsmallcap_400|nifty_smallcap_250,,3,,2026-06-30
COALINDIA,NIFTY 100|NIFTY 200|NIFTY 50|NIFTY 500|NIFTY COMMODITIES|NIFTY CPSE|NIFTY ENERGY|NIFTY LARGEMIDCAP 250|NIFTY PSE,nifty_100|nifty_200|nifty_50|nifty_500|nifty_commodities|nifty_cpse|nifty_energy|nifty_largemidcap_250|nifty_pse,ENERGY,9,ENERGY,2026-06-30
COCHINSHIP,NIFTY 200|NIFTY 500|NIFTY CPSE|NIFTY LARGEMIDCAP 250|NIFTY MIDCAP 100|NIFTY MIDCAP 150|NIFTY MIDSMALLCAP 400,nifty_200|nifty_500|nifty_cpse|nifty_largemidcap_250|nifty_midcap_100|nifty_midcap_150|nifty_midsmallcap_400,,7,,2026-06-30
COFORGE,NIFTY 200|NIFTY 500|NIFTY IT|NIFTY LARGEMIDCAP 250|NIFTY MIDCAP 100|NIFTY MIDCAP 150|NIFTY MIDCAP 50|NIFTY MIDSMALLCAP 400,nifty_200|nifty_500|nifty_it|nifty_largemidcap_250|nifty_midcap_100|nifty_midcap_150|nifty_midcap_50|nifty_midsmallcap_400,IT,8,IT,2026-06-30
COHANCE,NIFTY 500|NIFTY MIDSMALLCAP 400|NIFTY MNC|NIFTY SMALLCAP 100|NIFTY SMALLCAP 250,nifty_500|nifty_midsmallcap_400|nifty_mnc|nifty_smallcap_100|nifty_smallcap_250,,5,,2026-06-30
COLPAL,NIFTY 200|NIFTY 500|NIFTY FMCG|NIFTY LARGEMIDCAP 250|NIFTY MIDCAP 100|NIFTY MIDCAP 150|NIFTY MIDCAP 50|NIFTY MIDSMALLCAP 400|NIFTY MNC,nifty_200|nifty_500|nifty_fmcg|nifty_largemidcap_250|nifty_midcap_100|nifty_midcap_150|nifty_midcap_50|nifty_midsmallcap_400|nifty_mnc,FMCG,9,FMCG,2026-06-30
CONCOR,NIFTY 200|NIFTY 500|NIFTY LARGEMIDCAP 250|NIFTY MIDCAP 100|NIFTY MIDCAP 150|NIFTY MIDSMALLCAP 400|NIFTY PSE,nifty_200|nifty_500|nifty_largemidcap_250|nifty_midcap_100|nifty_midcap_150|nifty_midsmallcap_400|nifty_pse,,7,,2026-06-30
CONCORDBIO,NIFTY 500|NIFTY MIDSMALLCAP 400|NIFTY SMALLCAP 250,nifty_500|nifty_midsmallcap_400|nifty_smallcap_250,,3,,2026-06-30
COROMANDEL,NIFTY 200|NIFTY 500|NIFTY LARGEMIDCAP 250|NIFTY MIDCAP 100|NIFTY MIDCAP 150|NIFTY MIDSMALLCAP 400,nifty_200|nifty_500|nifty_largemidcap_250|nifty_midcap_100|nifty_midcap_150|nifty_midsmallcap_400,,6,,2026-06-30
CPPLUS,NIFTY 500|NIFTY MIDSMALLCAP 400|NIFTY SMALLCAP 250,nifty_500|nifty_midsmallcap_400|nifty_smallcap_250,,3,,2026-06-30
CRAFTSMAN,NIFTY 500|NIFTY MIDSMALLCAP 400|NIFTY SMALLCAP 250,nifty_500|nifty_midsmallcap_400|nifty_smallcap_250,,3,,2026-06-30
CREDITACC,NIFTY 500|NIFTY MIDSMALLCAP 400|NIFTY SMALLCAP 100|NIFTY SMALLCAP 250,nifty_500|nifty_midsmallcap_400|nifty_smallcap_100|nifty_smallcap_250,,4,,2026-06-30
CRISIL,NIFTY 500|NIFTY LARGEMIDCAP 250|NIFTY MIDCAP 150|NIFTY MIDSMALLCAP 400|NIFTY MNC,nifty_500|nifty_largemidcap_250|nifty_midcap_150|nifty_midsmallcap_400|nifty_mnc,,5,,2026-06-30
CROMPTON,NIFTY 500|NIFTY CONSUMER DURABLES|NIFTY MIDSMALLCAP 400|NIFTY SMALLCAP 100|NIFTY SMALLCAP 250,nifty_500|nifty_consumer_durables|nifty_midsmallcap_400|nifty_smallcap_100|nifty_smallcap_250,FMCG,5,FMCG,2026-06-30
CUB,NIFTY 500|NIFTY MIDSMALLCAP 400|NIFTY SMALLCAP 100|NIFTY SMALLCAP 250,nifty_500|nifty_midsmallcap_400|nifty_smallcap_100|nifty_smallcap_250,,4,,2026-06-30
CUMMINSIND,NIFTY 100|NIFTY 200|NIFTY 500|NIFTY LARGEMIDCAP 250|NIFTY MNC|NIFTY NEXT 50,nifty_100|nifty_200|nifty_500|nifty_largemidcap_250|nifty_mnc|nifty_next_50,,6,,2026-06-30
CYIENT,NIFTY 500|NIFTY MIDSMALLCAP 400|NIFTY SMALLCAP 250,nifty_500|nifty_midsmallcap_400|nifty_smallcap_250,,3,,2026-06-30
DABUR,NIFTY 200|NIFTY 500|NIFTY FMCG|NIFTY LARGEMIDCAP 250|NIFTY MIDCAP 100|NIFTY MIDCAP 150|NIFTY MIDCAP 50|NIFTY MIDSMALLCAP 400,nifty_200|nifty_500|nifty_fmcg|nifty_largemidcap_250|nifty_midcap_100|nifty_midcap_150|nifty_midcap_50|nifty_midsmallcap_400,FMCG,8,FMCG,2026-06-30
DALBHARAT,NIFTY 500|NIFTY LARGEMIDCAP 250|NIFTY MIDCAP 150|NIFTY MIDSMALLCAP 400,nifty_500|nifty_largemidcap_250|nifty_midcap_150|nifty_midsmallcap_400,,4,,2026-06-30
DATAPATTNS,NIFTY 500|NIFTY MIDSMALLCAP 400|NIFTY SMALLCAP 100|NIFTY SMALLCAP 250,nifty_500|nifty_midsmallcap_400|nifty_smallcap_100|nifty_smallcap_250,,4,,2026-06-30
DBCORP,NIFTY MEDIA,nifty_media,MEDIA,1,MEDIA,2026-06-30
DCMSHRIRAM,NIFTY 500|NIFTY MIDSMALLCAP 400|NIFTY SMALLCAP 250,nifty_500|nifty_midsmallcap_400|nifty_smallcap_250,,3,,2026-06-30
DEEPAKFERT,NIFTY 500|NIFTY MIDSMALLCAP 400|NIFTY SMALLCAP 100|NIFTY SMALLCAP 250,nifty_500|nifty_midsmallcap_400|nifty_smallcap_100|nifty_smallcap_250,,4,,2026-06-30
DEEPAKNTR,NIFTY 500|NIFTY MIDSMALLCAP 400|NIFTY SMALLCAP 250,nifty_500|nifty_midsmallcap_400|nifty_smallcap_250,,3,,2026-06-30
DELHIVERY,NIFTY 500|NIFTY MIDSMALLCAP 400|NIFTY SMALLCAP 100|NIFTY SMALLCAP 250,nifty_500|nifty_midsmallcap_400|nifty_smallcap_100|nifty_smallcap_250,,4,,2026-06-30
DEVYANI,NIFTY 500|NIFTY MIDSMALLCAP 400|NIFTY SMALLCAP 100|NIFTY SMALLCAP 250,nifty_500|nifty_midsmallcap_400|nifty_smallcap_100|nifty_smallcap_250,,4,,2026-06-30
DIVISLAB,NIFTY 100|NIFTY 200|NIFTY 500|NIFTY HEALTHCARE INDEX|NIFTY LARGEMIDCAP 250|NIFTY NEXT 50|NIFTY PHARMA,nifty_100|nifty_200|nifty_500|nifty_healthcare_index|nifty_largemidcap_250|nifty_next_50|nifty_pharma,HEALTHCARE|PHARMA,7,HEALTHCARE,2026-06-30
DIXON,NIFTY 200|NIFTY 500|NIFTY CONSUMER DURABLES|NIFTY LARGEMIDCAP 250|NIFTY MIDCAP 100|NIFTY MIDCAP 150|NIFTY MIDCAP 50|NIFTY MIDSMALLCAP 400,nifty_200|nifty_500|nifty_consumer_durables|nifty_largemidcap_250|nifty_midcap_100|nifty_midcap_150|nifty_midcap_50|nifty_midsmallcap_400,FMCG,8,FMCG,2026-06-30
DLF,NIFTY 100|NIFTY 200|NIFTY 500|NIFTY LARGEMIDCAP 250|NIFTY NEXT 50|NIFTY REALTY,nifty_100|nifty_200|nifty_500|nifty_largemidcap_250|nifty_next_50|nifty_realty,REALTY,6,REALTY,2026-06-30
DMART,NIFTY 100|NIFTY 200|NIFTY 500|NIFTY LARGEMIDCAP 250|NIFTY NEXT 50,nifty_100|nifty_200|nifty_500|nifty_largemidcap_250|nifty_next_50,,5,,2026-06-30
DOMS,NIFTY 500|NIFTY MIDSMALLCAP 400|NIFTY SMALLCAP 250,nifty_500|nifty_midsmallcap_400|nifty_smallcap_250,,3,,2026-06-30
DRREDDY,NIFTY 100|NIFTY 200|NIFTY 50|NIFTY 500|NIFTY HEALTHCARE INDEX|NIFTY LARGEMIDCAP 250|NIFTY PHARMA,nifty_100|nifty_200|nifty_50|nifty_500|nifty_healthcare_index|nifty_largemidcap_250|nifty_pharma,HEALTHCARE|PHARMA,7,HEALTHCARE,2026-06-30
ECLERX,NIFTY 500|NIFTY MIDSMALLCAP 400|NIFTY SMALLCAP 250,nifty_500|nifty_midsmallcap_400|nifty_smallcap_250,,3,,2026-06-30
EICHERMOT,NIFTY 100|NIFTY 200|NIFTY 50|NIFTY 500|NIFTY AUTO|NIFTY LARGEMIDCAP 250,nifty_100|nifty_200|nifty_50|nifty_500|nifty_auto|nifty_largemidcap_250,AUTO,6,AUTO,2026-06-30
EIDPARRY,NIFTY 500|NIFTY MIDSMALLCAP 400|NIFTY SMALLCAP 250,nifty_500|nifty_midsmallcap_400|nifty_smallcap_250,,3,,2026-06-30
EIHOTEL,NIFTY 500|NIFTY MIDSMALLCAP 400|NIFTY SMALLCAP 250,nifty_500|nifty_midsmallcap_400|nifty_smallcap_250,,3,,2026-06-30
ELECON,NIFTY 500|NIFTY MIDSMALLCAP 400|NIFTY SMALLCAP 250,nifty_500|nifty_midsmallcap_400|nifty_smallcap_250,,3,,2026-06-30
ELGIEQUIP,NIFTY 500|NIFTY MIDSMALLCAP 400|NIFTY SMALLCAP 250,nifty_500|nifty_midsmallcap_400|nifty_smallcap_250,,3,,2026-06-30
EMAMILTD,NIFTY 500|NIFTY FMCG|NIFTY MIDSMALLCAP 400|NIFTY SMALLCAP 250,nifty_500|nifty_fmcg|nifty_midsmallcap_400|nifty_smallcap_250,FMCG,4,FMCG,2026-06-30
EMCURE,NIFTY 500|NIFTY MIDSMALLCAP 400|NIFTY SMALLCAP 250,nifty_500|nifty_midsmallcap_400|nifty_smallcap_250,,3,,2026-06-30
EMMVEE,NIFTY 500|NIFTY MIDSMALLCAP 400|NIFTY SMALLCAP 250,nifty_500|nifty_midsmallcap_400|nifty_smallcap_250,,3,,2026-06-30
ENDURANCE,NIFTY 500|NIFTY LARGEMIDCAP 250|NIFTY MIDCAP 150|NIFTY MIDSMALLCAP 400,nifty_500|nifty_largemidcap_250|nifty_midcap_150|nifty_midsmallcap_400,,4,,2026-06-30
ENGINERSIN,NIFTY 500|NIFTY MIDSMALLCAP 400|NIFTY SMALLCAP 250,nifty_500|nifty_midsmallcap_400|nifty_smallcap_250,,3,,2026-06-30
ENRIN,NIFTY 100|NIFTY 200|NIFTY 500|NIFTY ENERGY|NIFTY LARGEMIDCAP 250|NIFTY MNC|NIFTY NEXT 50,nifty_100|nifty_200|nifty_500|nifty_energy|nifty_largemidcap_250|nifty_mnc|nifty_next_50,ENERGY,7,ENERGY,2026-06-30
ERIS,NIFTY 500|NIFTY MIDSMALLCAP 400|NIFTY SMALLCAP 250,nifty_500|nifty_midsmallcap_400|nifty_smallcap_250,,3,,2026-06-30
ESCORTS,NIFTY 500|NIFTY LARGEMIDCAP 250|NIFTY MIDCAP 150|NIFTY MIDSMALLCAP 400|NIFTY MNC,nifty_500|nifty_largemidcap_250|nifty_midcap_150|nifty_midsmallcap_400|nifty_mnc,,5,,2026-06-30
ETERNAL,NIFTY 100|NIFTY 200|NIFTY 50|NIFTY 500|NIFTY LARGEMIDCAP 250,nifty_100|nifty_200|nifty_50|nifty_500|nifty_largemidcap_250,,5,,2026-06-30
EXIDEIND,NIFTY 200|NIFTY 500|NIFTY AUTO|NIFTY LARGEMIDCAP 250|NIFTY MIDCAP 100|NIFTY MIDCAP 150|NIFTY MIDSMALLCAP 400,nifty_200|nifty_500|nifty_auto|nifty_largemidcap_250|nifty_midcap_100|nifty_midcap_150|nifty_midsmallcap_400,AUTO,7,AUTO,2026-06-30
FACT,NIFTY 500|NIFTY MIDSMALLCAP 400|NIFTY SMALLCAP 250,nifty_500|nifty_midsmallcap_400|nifty_smallcap_250,,3,,2026-06-30
FEDERALBNK,NIFTY 200|NIFTY 500|NIFTY BANK|NIFTY LARGEMIDCAP 250|NIFTY MIDCAP 100|NIFTY MIDCAP 150|NIFTY MIDCAP 50|NIFTY MIDSMALLCAP 400,nifty_200|nifty_500|nifty_bank|nifty_largemidcap_250|nifty_midcap_100|nifty_midcap_150|nifty_midcap_50|nifty_midsmallcap_400,BANKING,8,BANKING,2026-06-30
FINCABLES,NIFTY 500|NIFTY MIDSMALLCAP 400|NIFTY SMALLCAP 250,nifty_500|nifty_midsmallcap_400|nifty_smallcap_250,,3,,2026-06-30
FIRSTCRY,NIFTY 500|NIFTY MIDSMALLCAP 400|NIFTY SMALLCAP 100|NIFTY SMALLCAP 250,nifty_500|nifty_midsmallcap_400|nifty_smallcap_100|nifty_smallcap_250,,4,,2026-06-30
FIVESTAR,NIFTY 500|NIFTY MIDSMALLCAP 400|NIFTY SMALLCAP 100|NIFTY SMALLCAP 250,nifty_500|nifty_midsmallcap_400|nifty_smallcap_100|nifty_smallcap_250,,4,,2026-06-30
FLUOROCHEM,NIFTY 500|NIFTY LARGEMIDCAP 250|NIFTY MIDCAP 150|NIFTY MIDSMALLCAP 400,nifty_500|nifty_largemidcap_250|nifty_midcap_150|nifty_midsmallcap_400,,4,,2026-06-30
FORCEMOT,NIFTY 500|NIFTY MIDSMALLCAP 400|NIFTY SMALLCAP 100|NIFTY SMALLCAP 250,nifty_500|nifty_midsmallcap_400|nifty_smallcap_100|nifty_smallcap_250,,4,,2026-06-30
FORTIS,NIFTY 200|NIFTY 500|NIFTY HEALTHCARE INDEX|NIFTY LARGEMIDCAP 250|NIFTY MIDCAP 100|NIFTY MIDCAP 150|NIFTY MIDCAP 50|NIFTY MIDSMALLCAP 400,nifty_200|nifty_500|nifty_healthcare_index|nifty_largemidcap_250|nifty_midcap_100|nifty_midcap_150|nifty_midcap_50|nifty_midsmallcap_400,HEALTHCARE,8,HEALTHCARE,2026-06-30
FSL,NIFTY 500|NIFTY MIDSMALLCAP 400|NIFTY SMALLCAP 100|NIFTY SMALLCAP 250,nifty_500|nifty_midsmallcap_400|nifty_smallcap_100|nifty_smallcap_250,,4,,2026-06-30
GABRIEL,NIFTY 500|NIFTY MIDSMALLCAP 400|NIFTY SMALLCAP 250,nifty_500|nifty_midsmallcap_400|nifty_smallcap_250,,3,,2026-06-30
GAIL,NIFTY 100|NIFTY 200|NIFTY 500|NIFTY ENERGY|NIFTY LARGEMIDCAP 250|NIFTY NEXT 50|NIFTY OIL & GAS|NIFTY PSE,nifty_100|nifty_200|nifty_500|nifty_energy|nifty_largemidcap_250|nifty_next_50|nifty_oil_gas|nifty_pse,ENERGY,8,ENERGY,2026-06-30
GALLANTT,NIFTY 500|NIFTY MIDSMALLCAP 400|NIFTY SMALLCAP 250,nifty_500|nifty_midsmallcap_400|nifty_smallcap_250,,3,,2026-06-30
GESHIP,NIFTY 500|NIFTY MIDSMALLCAP 400|NIFTY SMALLCAP 100|NIFTY SMALLCAP 250,nifty_500|nifty_midsmallcap_400|nifty_smallcap_100|nifty_smallcap_250,,4,,2026-06-30
GICRE,NIFTY 500|NIFTY LARGEMIDCAP 250|NIFTY MIDCAP 150|NIFTY MIDSMALLCAP 400,nifty_500|nifty_largemidcap_250|nifty_midcap_150|nifty_midsmallcap_400,,4,,2026-06-30
GILLETTE,NIFTY 500|NIFTY MIDSMALLCAP 400|NIFTY SMALLCAP 250,nifty_500|nifty_midsmallcap_400|nifty_smallcap_250,,3,,2026-06-30
GLAND,NIFTY 500|NIFTY MIDSMALLCAP 400|NIFTY MNC|NIFTY PHARMA|NIFTY SMALLCAP 100|NIFTY SMALLCAP 250,nifty_500|nifty_midsmallcap_400|nifty_mnc|nifty_pharma|nifty_smallcap_100|nifty_smallcap_250,PHARMA,6,PHARMA,2026-06-30
GLAXO,NIFTY 500|NIFTY LARGEMIDCAP 250|NIFTY MIDCAP 150|NIFTY MIDSMALLCAP 400,nifty_500|nifty_largemidcap_250|nifty_midcap_150|nifty_midsmallcap_400,,4,,2026-06-30
GLENMARK,NIFTY 200|NIFTY 500|NIFTY HEALTHCARE INDEX|NIFTY LARGEMIDCAP 250|NIFTY MIDCAP 100|NIFTY MIDCAP 150|NIFTY MIDSMALLCAP 400|NIFTY PHARMA,nifty_200|nifty_500|nifty_healthcare_index|nifty_largemidcap_250|nifty_midcap_100|nifty_midcap_150|nifty_midsmallcap_400|nifty_pharma,HEALTHCARE|PHARMA,8,HEALTHCARE,2026-06-30
GMDCLTD,NIFTY 500|NIFTY MIDSMALLCAP 400|NIFTY SMALLCAP 100|NIFTY SMALLCAP 250,nifty_500|nifty_midsmallcap_400|nifty_smallcap_100|nifty_smallcap_250,,4,,2026-06-30
GMRAIRPORT,NIFTY 200|NIFTY 500|NIFTY LARGEMIDCAP 250|NIFTY MIDCAP 100|NIFTY MIDCAP 150|NIFTY MIDCAP 50|NIFTY MIDSMALLCAP 400,nifty_200|nifty_500|nifty_largemidcap_250|nifty_midcap_100|nifty_midcap_150|nifty_midcap_50|nifty_midsmallcap_400,,7,,2026-06-30
GODFRYPHLP,NIFTY 200|NIFTY 500|NIFTY LARGEMIDCAP 250|NIFTY MIDCAP 100|NIFTY MIDCAP 150|NIFTY MIDSMALLCAP 400,nifty_200|nifty_500|nifty_largemidcap_250|nifty_midcap_100|nifty_midcap_150|nifty_midsmallcap_400,,6,,2026-06-30
GODIGIT,NIFTY 500|NIFTY MIDSMALLCAP 400|NIFTY SMALLCAP 250,nifty_500|nifty_midsmallcap_400|nifty_smallcap_250,,3,,2026-06-30
GODREJCP,NIFTY 100|NIFTY 200|NIFTY 500|NIFTY FMCG|NIFTY LARGEMIDCAP 250|NIFTY NEXT 50,nifty_100|nifty_200|nifty_500|nifty_fmcg|nifty_largemidcap_250|nifty_next_50,FMCG,6,FMCG,2026-06-30
GODREJIND,NIFTY 500|NIFTY LARGEMIDCAP 250|NIFTY MIDCAP 150|NIFTY MIDSMALLCAP 400,nifty_500|nifty_largemidcap_250|nifty_midcap_150|nifty_midsmallcap_400,,4,,2026-06-30
GODREJPROP,NIFTY 200|NIFTY 500|NIFTY LARGEMIDCAP 250|NIFTY MIDCAP 100|NIFTY MIDCAP 150|NIFTY MIDCAP 50|NIFTY MIDSMALLCAP 400|NIFTY REALTY,nifty_200|nifty_500|nifty_largemidcap_250|nifty_midcap_100|nifty_midcap_150|nifty_midcap_50|nifty_midsmallcap_400|nifty_realty,REALTY,8,REALTY,2026-06-30
GPIL,NIFTY 500|NIFTY MIDSMALLCAP 400|NIFTY SMALLCAP 100|NIFTY SMALLCAP 250,nifty_500|nifty_midsmallcap_400|nifty_smallcap_100|nifty_smallcap_250,,4,,2026-06-30
GRANULES,NIFTY 500|NIFTY MIDSMALLCAP 400|NIFTY SMALLCAP 250,nifty_500|nifty_midsmallcap_400|nifty_smallcap_250,,3,,2026-06-30
GRAPHITE,NIFTY 500|NIFTY MIDSMALLCAP 400|NIFTY SMALLCAP 250,nifty_500|nifty_midsmallcap_400|nifty_smallcap_250,,3,,2026-06-30
GRASIM,NIFTY 100|NIFTY 200|NIFTY 50|NIFTY 500|NIFTY COMMODITIES|NIFTY LARGEMIDCAP 250,nifty_100|nifty_200|nifty_50|nifty_500|nifty_commodities|nifty_largemidcap_250,,6,,2026-06-30
GRAVITA,NIFTY 500|NIFTY MIDSMALLCAP 400|NIFTY SMALLCAP 250,nifty_500|nifty_midsmallcap_400|nifty_smallcap_250,,3,,2026-06-30
GROWW,NIFTY 200|NIFTY 500|NIFTY LARGEMIDCAP 250|NIFTY MIDCAP 100|NIFTY MIDCAP 150|NIFTY MIDSMALLCAP 400,nifty_200|nifty_500|nifty_largemidcap_250|nifty_midcap_100|nifty_midcap_150|nifty_midsmallcap_400,,6,,2026-06-30
GRSE,NIFTY 500|NIFTY MIDSMALLCAP 400|NIFTY SMALLCAP 100|NIFTY SMALLCAP 250,nifty_500|nifty_midsmallcap_400|nifty_smallcap_100|nifty_smallcap_250,,4,,2026-06-30
GVT&D,NIFTY 200|NIFTY 500|NIFTY ENERGY|NIFTY LARGEMIDCAP 250|NIFTY MIDCAP 100|NIFTY MIDCAP 150|NIFTY MIDSMALLCAP 400,nifty_200|nifty_500|nifty_energy|nifty_largemidcap_250|nifty_midcap_100|nifty_midcap_150|nifty_midsmallcap_400,ENERGY,7,ENERGY,2026-06-30
HAL,NIFTY 100|NIFTY 200|NIFTY 500|NIFTY LARGEMIDCAP 250|NIFTY NEXT 50|NIFTY PSE,nifty_100|nifty_200|nifty_500|nifty_largemidcap_250|nifty_next_50|nifty_pse,,6,,2026-06-30
HATHWAY,NIFTY MEDIA,nifty_media,MEDIA,1,MEDIA,2026-06-30
HAVELLS,NIFTY 200|NIFTY 500|NIFTY CONSUMER DURABLES|NIFTY LARGEMIDCAP 250|NIFTY MIDCAP 100|NIFTY MIDCAP 150|NIFTY MIDCAP 50|NIFTY MIDSMALLCAP 400,nifty_200|nifty_500|nifty_consumer_durables|nifty_largemidcap_250|nifty_midcap_100|nifty_midcap_150|nifty_midcap_50|nifty_midsmallcap_400,FMCG,8,FMCG,2026-06-30
HBLENGINE,NIFTY 500|NIFTY MIDSMALLCAP 400|NIFTY SMALLCAP 100|NIFTY SMALLCAP 250,nifty_500|nifty_midsmallcap_400|nifty_smallcap_100|nifty_smallcap_250,,4,,2026-06-30
HCLTECH,NIFTY 100|NIFTY 200|NIFTY 50|NIFTY 500|NIFTY IT|NIFTY LARGEMIDCAP 250,nifty_100|nifty_200|nifty_50|nifty_500|nifty_it|nifty_largemidcap_250,IT,6,IT,2026-06-30
HDBFS,NIFTY 500|NIFTY LARGEMIDCAP 250|NIFTY MIDCAP 150|NIFTY MIDSMALLCAP 400,nifty_500|nifty_largemidcap_250|nifty_midcap_150|nifty_midsmallcap_400,,4,,2026-06-30
HDFCAMC,NIFTY 100|NIFTY 200|NIFTY 500|NIFTY LARGEMIDCAP 250|NIFTY NEXT 50,nifty_100|nifty_200|nifty_500|nifty_largemidcap_250|nifty_next_50,,5,,2026-06-30
HDFCBANK,NIFTY 100|NIFTY 200|NIFTY 50|NIFTY 500|NIFTY BANK|NIFTY FINANCIAL SERVICES 25/50|NIFTY LARGEMIDCAP 250,nifty_100|nifty_200|nifty_50|nifty_500|nifty_bank|nifty_financial_services_25_50|nifty_largemidcap_250,BANKING|FINANCIAL_SERVICES,7,BANKING,2026-06-30
HDFCLIFE,NIFTY 100|NIFTY 200|NIFTY 50|NIFTY 500|NIFTY FINANCIAL SERVICES 25/50|NIFTY LARGEMIDCAP 250,nifty_100|nifty_200|nifty_50|nifty_500|nifty_financial_services_25_50|nifty_largemidcap_250,FINANCIAL_SERVICES,6,FINANCIAL_SERVICES,2026-06-30
HEG,NIFTY 500|NIFTY MIDSMALLCAP 400|NIFTY SMALLCAP 250,nifty_500|nifty_midsmallcap_400|nifty_smallcap_250,,3,,2026-06-30
HEROMOTOCO,NIFTY 200|NIFTY 500|NIFTY AUTO|NIFTY LARGEMIDCAP 250|NIFTY MIDCAP 100|NIFTY MIDCAP 150|NIFTY MIDCAP 50|NIFTY MIDSMALLCAP 400,nifty_200|nifty_500|nifty_auto|nifty_largemidcap_250|nifty_midcap_100|nifty_midcap_150|nifty_midcap_50|nifty_midsmallcap_400,AUTO,8,AUTO,2026-06-30
HEXT,NIFTY 500|NIFTY LARGEMIDCAP 250|NIFTY MIDCAP 150|NIFTY MIDSMALLCAP 400,nifty_500|nifty_largemidcap_250|nifty_midcap_150|nifty_midsmallcap_400,,4,,2026-06-30
HFCL,NIFTY 500|NIFTY MIDSMALLCAP 400|NIFTY SMALLCAP 250,nifty_500|nifty_midsmallcap_400|nifty_smallcap_250,,3,,2026-06-30
HINDALCO,NIFTY 100|NIFTY 200|NIFTY 50|NIFTY 500|NIFTY COMMODITIES|NIFTY LARGEMIDCAP 250|NIFTY METAL,nifty_100|nifty_200|nifty_50|nifty_500|nifty_commodities|nifty_largemidcap_250|nifty_metal,METAL,7,METAL,2026-06-30
HINDCOPPER,NIFTY 500|NIFTY METAL|NIFTY MIDSMALLCAP 400|NIFTY SMALLCAP 100|NIFTY SMALLCAP 250,nifty_500|nifty_metal|nifty_midsmallcap_400|nifty_smallcap_100|nifty_smallcap_250,METAL,5,METAL,2026-06-30
HINDPETRO,NIFTY 200|NIFTY 500|NIFTY COMMODITIES|NIFTY ENERGY|NIFTY LARGEMIDCAP 250|NIFTY MIDCAP 100|NIFTY MIDCAP 150|NIFTY MIDCAP 50|NIFTY MIDSMALLCAP 400|NIFTY OIL & GAS|NIFTY PSE,nifty_200|nifty_500|nifty_commodities|nifty_energy|nifty_largemidcap_250|nifty_midcap_100|nifty_midcap_150|nifty_midcap_50|nifty_midsmallcap_400|nifty_oil_gas|nifty_pse,ENERGY,11,ENERGY,2026-06-30
HINDUNILVR,NIFTY 100|NIFTY 200|NIFTY 50|NIFTY 500|NIFTY FMCG|NIFTY LARGEMIDCAP 250|NIFTY MNC,nifty_100|nifty_200|nifty_50|nifty_500|nifty_fmcg|nifty_largemidcap_250|nifty_mnc,FMCG,7,FMCG,2026-06-30
HINDZINC,NIFTY 100|NIFTY 200|NIFTY 500|NIFTY LARGEMIDCAP 250|NIFTY METAL|NIFTY NEXT 50,nifty_100|nifty_200|nifty_500|nifty_largemidcap_250|nifty_metal|nifty_next_50,METAL,6,METAL,2026-06-30
HOMEFIRST,NIFTY 500|NIFTY MIDSMALLCAP 400|NIFTY SMALLCAP 250,nifty_500|nifty_midsmallcap_400|nifty_smallcap_250,,3,,2026-06-30
HONASA,NIFTY 500|NIFTY MIDSMALLCAP 400|NIFTY SMALLCAP 250,nifty_500|nifty_midsmallcap_400|nifty_smallcap_250,,3,,2026-06-30
HONAUT,NIFTY 500|NIFTY LARGEMIDCAP 250|NIFTY MIDCAP 150|NIFTY MIDSMALLCAP 400,nifty_500|nifty_largemidcap_250|nifty_midcap_150|nifty_midsmallcap_400,,4,,2026-06-30
HSCL,NIFTY 500|NIFTY MIDSMALLCAP 400|NIFTY SMALLCAP 100|NIFTY SMALLCAP 250,nifty_500|nifty_midsmallcap_400|nifty_smallcap_100|nifty_smallcap_250,,4,,2026-06-30
HUDCO,NIFTY 200|NIFTY 500|NIFTY LARGEMIDCAP 250|NIFTY MIDCAP 100|NIFTY MIDCAP 150|NIFTY MIDSMALLCAP 400,nifty_200|nifty_500|nifty_largemidcap_250|nifty_midcap_100|nifty_midcap_150|nifty_midsmallcap_400,,6,,2026-06-30
HYUNDAI,NIFTY 100|NIFTY 200|NIFTY 500|NIFTY LARGEMIDCAP 250|NIFTY MNC|NIFTY NEXT 50,nifty_100|nifty_200|nifty_500|nifty_largemidcap_250|nifty_mnc|nifty_next_50,,6,,2026-06-30
ICICIAMC,NIFTY 200|NIFTY 500|NIFTY LARGEMIDCAP 250|NIFTY MIDCAP 100|NIFTY MIDCAP 150|NIFTY MIDSMALLCAP 400,nifty_200|nifty_500|nifty_largemidcap_250|nifty_midcap_100|nifty_midcap_150|nifty_midsmallcap_400,,6,,2026-06-30
ICICIBANK,NIFTY 100|NIFTY 200|NIFTY 50|NIFTY 500|NIFTY BANK|NIFTY FINANCIAL SERVICES 25/50|NIFTY LARGEMIDCAP 250,nifty_100|nifty_200|nifty_50|nifty_500|nifty_bank|nifty_financial_services_25_50|nifty_largemidcap_250,BANKING|FINANCIAL_SERVICES,7,BANKING,2026-06-30
ICICIGI,NIFTY 200|NIFTY 500|NIFTY FINANCIAL SERVICES 25/50|NIFTY LARGEMIDCAP 250|NIFTY MIDCAP 100|NIFTY MIDCAP 150|NIFTY MIDCAP 50|NIFTY MIDSMALLCAP 400,nifty_200|nifty_500|nifty_financial_services_25_50|nifty_largemidcap_250|nifty_midcap_100|nifty_midcap_150|nifty_midcap_50|nifty_midsmallcap_400,FINANCIAL_SERVICES,8,FINANCIAL_SERVICES,2026-06-30
ICICIPRULI,NIFTY 500|NIFTY LARGEMIDCAP 250|NIFTY MIDCAP 150|NIFTY MIDSMALLCAP 400,nifty_500|nifty_largemidcap_250|nifty_midcap_150|nifty_midsmallcap_400,,4,,2026-06-30
IDBI,NIFTY 500|NIFTY MIDSMALLCAP 400|NIFTY SMALLCAP 100|NIFTY SMALLCAP 250,nifty_500|nifty_midsmallcap_400|nifty_smallcap_100|nifty_smallcap_250,,4,,2026-06-30
IDEA,NIFTY 200|NIFTY 500|NIFTY LARGEMIDCAP 250|NIFTY MIDCAP 100|NIFTY MIDCAP 150|NIFTY MIDSMALLCAP 400,nifty_200|nifty_500|nifty_largemidcap_250|nifty_midcap_100|nifty_midcap_150|nifty_midsmallcap_400,,6,,2026-06-30
IDFCFIRSTB,NIFTY 200|NIFTY 500|NIFTY BANK|NIFTY LARGEMIDCAP 250|NIFTY MIDCAP 100|NIFTY MIDCAP 150|NIFTY MIDCAP 50|NIFTY MIDSMALLCAP 400,nifty_200|nifty_500|nifty_bank|nifty_largemidcap_250|nifty_midcap_100|nifty_midcap_150|nifty_midcap_50|nifty_midsmallcap_400,BANKING,8,BANKING,2026-06-30
IEX,NIFTY 500|NIFTY MIDSMALLCAP 400|NIFTY SMALLCAP 250,nifty_500|nifty_midsmallcap_400|nifty_smallcap_250,,3,,2026-06-30
IFCI,NIFTY 500|NIFTY MIDSMALLCAP 400|NIFTY SMALLCAP 100|NIFTY SMALLCAP 250,nifty_500|nifty_midsmallcap_400|nifty_smallcap_100|nifty_smallcap_250,,4,,2026-06-30
IGIL,NIFTY 500|NIFTY MIDSMALLCAP 400|NIFTY SMALLCAP 250,nifty_500|nifty_midsmallcap_400|nifty_smallcap_250,,3,,2026-06-30
IGL,NIFTY 500|NIFTY ENERGY|NIFTY MIDSMALLCAP 400|NIFTY OIL & GAS|NIFTY SMALLCAP 100|NIFTY SMALLCAP 250,nifty_500|nifty_energy|nifty_midsmallcap_400|nifty_oil_gas|nifty_smallcap_100|nifty_smallcap_250,ENERGY,6,ENERGY,2026-06-30
IIFL,NIFTY 500|NIFTY MIDSMALLCAP 400|NIFTY SMALLCAP 100|NIFTY SMALLCAP 250,nifty_500|nifty_midsmallcap_400|nifty_smallcap_100|nifty_smallcap_250,,4,,2026-06-30
IKS,NIFTY 500|NIFTY MIDSMALLCAP 400|NIFTY SMALLCAP 100|NIFTY SMALLCAP 250,nifty_500|nifty_midsmallcap_400|nifty_smallcap_100|nifty_smallcap_250,,4,,2026-06-30
INDGN,NIFTY 500|NIFTY MIDSMALLCAP 400|NIFTY SMALLCAP 250,nifty_500|nifty_midsmallcap_400|nifty_smallcap_250,,3,,2026-06-30
INDHOTEL,NIFTY 100|NIFTY 200|NIFTY 500|NIFTY LARGEMIDCAP 250|NIFTY NEXT 50,nifty_100|nifty_200|nifty_500|nifty_largemidcap_250|nifty_next_50,,5,,2026-06-30
INDIACEM,NIFTY 500|NIFTY MIDSMALLCAP 400|NIFTY SMALLCAP 250,nifty_500|nifty_midsmallcap_400|nifty_smallcap_250,,3,,2026-06-30
INDIAMART,NIFTY 500|NIFTY MIDSMALLCAP 400|NIFTY SMALLCAP 250,nifty_500|nifty_midsmallcap_400|nifty_smallcap_250,,3,,2026-06-30
INDIANB,NIFTY 200|NIFTY 500|NIFTY LARGEMIDCAP 250|NIFTY MIDCAP 100|NIFTY MIDCAP 150|NIFTY MIDSMALLCAP 400|NIFTY PSU BANK,nifty_200|nifty_500|nifty_largemidcap_250|nifty_midcap_100|nifty_midcap_150|nifty_midsmallcap_400|nifty_psu_bank,BANKING,7,BANKING,2026-06-30
INDIGO,NIFTY 100|NIFTY 200|NIFTY 50|NIFTY 500|NIFTY LARGEMIDCAP 250,nifty_100|nifty_200|nifty_50|nifty_500|nifty_largemidcap_250,,5,,2026-06-30
INDUSINDBK,NIFTY 200|NIFTY 500|NIFTY BANK|NIFTY LARGEMIDCAP 250|NIFTY MIDCAP 100|NIFTY MIDCAP 150|NIFTY MIDCAP 50|NIFTY MIDSMALLCAP 400,nifty_200|nifty_500|nifty_bank|nifty_largemidcap_250|nifty_midcap_100|nifty_midcap_150|nifty_midcap_50|nifty_midsmallcap_400,BANKING,8,BANKING,2026-06-30
INDUSTOWER,NIFTY 200|NIFTY 500|NIFTY LARGEMIDCAP 250|NIFTY MIDCAP 100|NIFTY MIDCAP 150|NIFTY MIDCAP 50|NIFTY MIDSMALLCAP 400,nifty_200|nifty_500|nifty_largemidcap_250|nifty_midcap_100|nifty_midcap_150|nifty_midcap_50|nifty_midsmallcap_400,,7,,2026-06-30
INFY,NIFTY 100|NIFTY 200|NIFTY 50|NIFTY 500|NIFTY IT|NIFTY LARGEMIDCAP 250,nifty_100|nifty_200|nifty_50|nifty_500|nifty_it|nifty_largemidcap_250,IT,6,IT,2026-06-30
INOXWIND,NIFTY 500|NIFTY ENERGY|NIFTY MIDSMALLCAP 400|NIFTY SMALLCAP 100|NIFTY SMALLCAP 250,nifty_500|nifty_energy|nifty_midsmallcap_400|nifty_smallcap_100|nifty_smallcap_250,ENERGY,5,ENERGY,2026-06-30
INTELLECT,NIFTY 500|NIFTY MIDSMALLCAP 400|NIFTY SMALLCAP 250,nifty_500|nifty_midsmallcap_400|nifty_smallcap_250,,3,,2026-06-30
IOB,NIFTY 500|NIFTY MIDSMALLCAP 400|NIFTY PSU BANK|NIFTY SMALLCAP 250,nifty_500|nifty_midsmallcap_400|nifty_psu_bank|nifty_smallcap_250,BANKING,4,BANKING,2026-06-30
IOC,NIFTY 100|NIFTY 200|NIFTY 500|NIFTY COMMODITIES|NIFTY ENERGY|NIFTY LARGEMIDCAP 250|NIFTY NEXT 50|NIFTY OIL & GAS|NIFTY PSE,nifty_100|nifty_200|nifty_500|nifty_commodities|nifty_energy|nifty_largemidcap_250|nifty_next_50|nifty_oil_gas|nifty_pse,ENERGY,9,ENERGY,2026-06-30
IPCALAB,NIFTY 500|NIFTY HEALTHCARE INDEX|NIFTY LARGEMIDCAP 250|NIFTY MIDCAP 150|NIFTY MIDSMALLCAP 400|NIFTY PHARMA,nifty_500|nifty_healthcare_index|nifty_largemidcap_250|nifty_midcap_150|nifty_midsmallcap_400|nifty_pharma,HEALTHCARE|PHARMA,6,HEALTHCARE,2026-06-30
IRB,NIFTY 500|NIFTY MIDSMALLCAP 400|NIFTY SMALLCAP 250,nifty_500|nifty_midsmallcap_400|nifty_smallcap_250,,3,,2026-06-30
IRCON,NIFTY 500|NIFTY MIDSMALLCAP 400|NIFTY SMALLCAP 100|NIFTY SMALLCAP 250,nifty_500|nifty_midsmallcap_400|nifty_smallcap_100|nifty_smallcap_250,,4,,2026-06-30
IRCTC,NIFTY 200|NIFTY 500|NIFTY LARGEMIDCAP 250|NIFTY MIDCAP 100|NIFTY MIDCAP 150|NIFTY MIDSMALLCAP 400|NIFTY PSE,nifty_200|nifty_500|nifty_largemidcap_250|nifty_midcap_100|nifty_midcap_150|nifty_midsmallcap_400|nifty_pse,,7,,2026-06-30
IREDA,NIFTY 200|NIFTY 500|NIFTY LARGEMIDCAP 250|NIFTY MIDCAP 100|NIFTY MIDCAP 150|NIFTY MIDSMALLCAP 400,nifty_200|nifty_500|nifty_largemidcap_250|nifty_midcap_100|nifty_midcap_150|nifty_midsmallcap_400,,6,,2026-06-30
IRFC,NIFTY 100|NIFTY 200|NIFTY 500|NIFTY LARGEMIDCAP 250|NIFTY NEXT 50|NIFTY PSE,nifty_100|nifty_200|nifty_500|nifty_largemidcap_250|nifty_next_50|nifty_pse,,6,,2026-06-30
ITC,NIFTY 100|NIFTY 200|NIFTY 50|NIFTY 500|NIFTY FMCG|NIFTY LARGEMIDCAP 250,nifty_100|nifty_200|nifty_50|nifty_500|nifty_fmcg|nifty_largemidcap_250,FMCG,6,FMCG,2026-06-30
ITCHOTELS,NIFTY 500|NIFTY LARGEMIDCAP 250|NIFTY MIDCAP 150|NIFTY MIDSMALLCAP 400,nifty_500|nifty_largemidcap_250|nifty_midcap_150|nifty_midsmallcap_400,,4,,2026-06-30
ITI,NIFTY 500|NIFTY MIDSMALLCAP 400|NIFTY SMALLCAP 100|NIFTY SMALLCAP 250,nifty_500|nifty_midsmallcap_400|nifty_smallcap_100|nifty_smallcap_250,,4,,2026-06-30
J&KBANK,NIFTY 500|NIFTY MIDSMALLCAP 400|NIFTY SMALLCAP 250,nifty_500|nifty_midsmallcap_400|nifty_smallcap_250,,3,,2026-06-30
JAINREC,NIFTY 500|NIFTY MIDSMALLCAP 400|NIFTY SMALLCAP 250,nifty_500|nifty_midsmallcap_400|nifty_smallcap_250,,3,,2026-06-30
JBCHEPHARM,NIFTY 500|NIFTY MIDSMALLCAP 400|NIFTY PHARMA|NIFTY SMALLCAP 250,nifty_500|nifty_midsmallcap_400|nifty_pharma|nifty_smallcap_250,PHARMA,4,PHARMA,2026-06-30
JBMA,NIFTY 500|NIFTY MIDSMALLCAP 400|NIFTY SMALLCAP 100|NIFTY SMALLCAP 250,nifty_500|nifty_midsmallcap_400|nifty_smallcap_100|nifty_smallcap_250,,4,,2026-06-30
JINDALSAW,NIFTY 500|NIFTY MIDSMALLCAP 400|NIFTY SMALLCAP 250,nifty_500|nifty_midsmallcap_400|nifty_smallcap_250,,3,,2026-06-30
JINDALSTEL,NIFTY 100|NIFTY 200|NIFTY 500|NIFTY COMMODITIES|NIFTY LARGEMIDCAP 250|NIFTY METAL|NIFTY NEXT 50,nifty_100|nifty_200|nifty_500|nifty_commodities|nifty_largemidcap_250|nifty_metal|nifty_next_50,METAL,7,METAL,2026-06-30
JIOFIN,NIFTY 100|NIFTY 200|NIFTY 50|NIFTY 500|NIFTY FINANCIAL SERVICES 25/50|NIFTY LARGEMIDCAP 250,nifty_100|nifty_200|nifty_50|nifty_500|nifty_financial_services_25_50|nifty_largemidcap_250,FINANCIAL_SERVICES,6,FINANCIAL_SERVICES,2026-06-30
JKCEMENT,NIFTY 500|NIFTY LARGEMIDCAP 250|NIFTY MIDCAP 150|NIFTY MIDSMALLCAP 400,nifty_500|nifty_largemidcap_250|nifty_midcap_150|nifty_midsmallcap_400,,4,,2026-06-30
JKTYRE,NIFTY 500|NIFTY MIDSMALLCAP 400|NIFTY SMALLCAP 250,nifty_500|nifty_midsmallcap_400|nifty_smallcap_250,,3,,2026-06-30
JMFINANCIL,NIFTY 500|NIFTY MIDSMALLCAP 400|NIFTY SMALLCAP 100|NIFTY SMALLCAP 250,nifty_500|nifty_midsmallcap_400|nifty_smallcap_100|nifty_smallcap_250,,4,,2026-06-30
JPPOWER,NIFTY 500|NIFTY ENERGY|NIFTY MIDSMALLCAP 400|NIFTY SMALLCAP 250,nifty_500|nifty_energy|nifty_midsmallcap_400|nifty_smallcap_250,ENERGY,4,ENERGY,2026-06-30
JSL,NIFTY 500|NIFTY LARGEMIDCAP 250|NIFTY METAL|NIFTY MIDCAP 150|NIFTY MIDSMALLCAP 400,nifty_500|nifty_largemidcap_250|nifty_metal|nifty_midcap_150|nifty_midsmallcap_400,METAL,5,METAL,2026-06-30
JSWCEMENT,NIFTY 500|NIFTY MIDSMALLCAP 400|NIFTY SMALLCAP 100|NIFTY SMALLCAP 250,nifty_500|nifty_midsmallcap_400|nifty_smallcap_100|nifty_smallcap_250,,4,,2026-06-30
JSWDULUX,NIFTY 500|NIFTY MIDSMALLCAP 400|NIFTY SMALLCAP 250,nifty_500|nifty_midsmallcap_400|nifty_smallcap_250,,3,,2026-06-30
JSWENERGY,NIFTY 200|NIFTY 500|NIFTY COMMODITIES|NIFTY ENERGY|NIFTY LARGEMIDCAP 250|NIFTY MIDCAP 100|NIFTY MIDCAP 150|NIFTY MIDSMALLCAP 400,nifty_200|nifty_500|nifty_commodities|nifty_energy|nifty_largemidcap_250|nifty_midcap_100|nifty_midcap_150|nifty_midsmallcap_400,ENERGY,8,ENERGY,2026-06-30
JSWINFRA,NIFTY 500|NIFTY LARGEMIDCAP 250|NIFTY MIDCAP 150|NIFTY MIDSMALLCAP 400,nifty_500|nifty_largemidcap_250|nifty_midcap_150|nifty_midsmallcap_400,,4,,2026-06-30
JSWSTEEL,NIFTY 100|NIFTY 200|NIFTY 50|NIFTY 500|NIFTY COMMODITIES|NIFTY LARGEMIDCAP 250|NIFTY METAL,nifty_100|nifty_200|nifty_50|nifty_500|nifty_commodities|nifty_largemidcap_250|nifty_metal,METAL,7,METAL,2026-06-30
JUBLFOOD,NIFTY 200|NIFTY 500|NIFTY LARGEMIDCAP 250|NIFTY MIDCAP 100|NIFTY MIDCAP 150|NIFTY MIDSMALLCAP 400,nifty_200|nifty_500|nifty_largemidcap_250|nifty_midcap_100|nifty_midcap_150|nifty_midsmallcap_400,,6,,2026-06-30
JUBLINGREA,NIFTY 500|NIFTY MIDSMALLCAP 400|NIFTY SMALLCAP 250,nifty_500|nifty_midsmallcap_400|nifty_smallcap_250,,3,,2026-06-30
JUBLPHARMA,NIFTY 500|NIFTY MIDSMALLCAP 400|NIFTY SMALLCAP 250,nifty_500|nifty_midsmallcap_400|nifty_smallcap_250,,3,,2026-06-30
JWL,NIFTY 500|NIFTY MIDSMALLCAP 400|NIFTY SMALLCAP 250,nifty_500|nifty_midsmallcap_400|nifty_smallcap_250,,3,,2026-06-30
JYOTICNC,NIFTY 500|NIFTY MIDSMALLCAP 400|NIFTY SMALLCAP 100|NIFTY SMALLCAP 250,nifty_500|nifty_midsmallcap_400|nifty_smallcap_100|nifty_smallcap_250,,4,,2026-06-30
KAJARIACER,NIFTY 500|NIFTY CONSUMER DURABLES|NIFTY MIDSMALLCAP 400|NIFTY SMALLCAP 250,nifty_500|nifty_consumer_durables|nifty_midsmallcap_400|nifty_smallcap_250,FMCG,4,FMCG,2026-06-30
KALYANKJIL,NIFTY 200|NIFTY 500|NIFTY CONSUMER DURABLES|NIFTY LARGEMIDCAP 250|NIFTY MIDCAP 100|NIFTY MIDCAP 150|NIFTY MIDSMALLCAP 400,nifty_200|nifty_500|nifty_consumer_durables|nifty_largemidcap_250|nifty_midcap_100|nifty_midcap_150|nifty_midsmallcap_400,FMCG,7,FMCG,2026-06-30
KARURVYSYA,NIFTY 500|NIFTY MIDSMALLCAP 400|NIFTY SMALLCAP 100|NIFTY SMALLCAP 250,nifty_500|nifty_midsmallcap_400|nifty_smallcap_100|nifty_smallcap_250,,4,,2026-06-30
KAYNES,NIFTY 500|NIFTY MIDSMALLCAP 400|NIFTY SMALLCAP 100|NIFTY SMALLCAP 250,nifty_500|nifty_midsmallcap_400|nifty_smallcap_100|nifty_smallcap_250,,4,,2026-06-30
KEC,NIFTY 500|NIFTY MIDSMALLCAP 400|NIFTY SMALLCAP 100|NIFTY SMALLCAP 250,nifty_500|nifty_midsmallcap_400|nifty_smallcap_100|nifty_smallcap_250,,4,,2026-06-30
KEI,NIFTY 200|NIFTY 500|NIFTY LARGEMIDCAP 250|NIFTY MIDCAP 100|NIFTY MIDCAP 150|NIFTY MIDSMALLCAP 400,nifty_200|nifty_500|nifty_largemidcap_250|nifty_midcap_100|nifty_midcap_150|nifty_midsmallcap_400,,6,,2026-06-30
KFINTECH,NIFTY 500|NIFTY MIDSMALLCAP 400|NIFTY SMALLCAP 100|NIFTY SMALLCAP 250,nifty_500|nifty_midsmallcap_400|nifty_smallcap_100|nifty_smallcap_250,,4,,2026-06-30
KIMS,NIFTY 500|NIFTY MIDSMALLCAP 400|NIFTY SMALLCAP 250,nifty_500|nifty_midsmallcap_400|nifty_smallcap_250,,3,,2026-06-30
KIRLOSENG,NIFTY 500|NIFTY MIDSMALLCAP 400|NIFTY SMALLCAP 250,nifty_500|nifty_midsmallcap_400|nifty_smallcap_250,,3,,2026-06-30
KOTAKBANK,NIFTY 100|NIFTY 200|NIFTY 50|NIFTY 500|NIFTY BANK|NIFTY FINANCIAL SERVICES 25/50|NIFTY LARGEMIDCAP 250,nifty_100|nifty_200|nifty_50|nifty_500|nifty_bank|nifty_financial_services_25_50|nifty_largemidcap_250,BANKING|FINANCIAL_SERVICES,7,BANKING,2026-06-30
KPIL,NIFTY 500|NIFTY MIDSMALLCAP 400|NIFTY SMALLCAP 250,nifty_500|nifty_midsmallcap_400|nifty_smallcap_250,,3,,2026-06-30
KPITTECH,NIFTY 200|NIFTY 500|NIFTY LARGEMIDCAP 250|NIFTY MIDCAP 100|NIFTY MIDCAP 150|NIFTY MIDSMALLCAP 400,nifty_200|nifty_500|nifty_largemidcap_250|nifty_midcap_100|nifty_midcap_150|nifty_midsmallcap_400,,6,,2026-06-30
KPRMILL,NIFTY 500|NIFTY LARGEMIDCAP 250|NIFTY MIDCAP 150|NIFTY MIDSMALLCAP 400,nifty_500|nifty_largemidcap_250|nifty_midcap_150|nifty_midsmallcap_400,,4,,2026-06-30
LALPATHLAB,NIFTY 500|NIFTY MIDSMALLCAP 400|NIFTY SMALLCAP 100|NIFTY SMALLCAP 250,nifty_500|nifty_midsmallcap_400|nifty_smallcap_100|nifty_smallcap_250,,4,,2026-06-30
LATENTVIEW,NIFTY 500|NIFTY MIDSMALLCAP 400|NIFTY SMALLCAP 250,nifty_500|nifty_midsmallcap_400|nifty_smallcap_250,,3,,2026-06-30
LAURUSLABS,NIFTY 200|NIFTY 500|NIFTY HEALTHCARE INDEX|NIFTY LARGEMIDCAP 250|NIFTY MIDCAP 100|NIFTY MIDCAP 150|NIFTY MIDCAP 50|NIFTY MIDSMALLCAP 400|NIFTY PHARMA,nifty_200|nifty_500|nifty_healthcare_index|nifty_largemidcap_250|nifty_midcap_100|nifty_midcap_150|nifty_midcap_50|nifty_midsmallcap_400|nifty_pharma,HEALTHCARE|PHARMA,9,HEALTHCARE,2026-06-30
LEMONTREE,NIFTY 500|NIFTY MIDSMALLCAP 400|NIFTY SMALLCAP 250,nifty_500|nifty_midsmallcap_400|nifty_smallcap_250,,3,,2026-06-30
LENSKART,NIFTY 200|NIFTY 500|NIFTY LARGEMIDCAP 250|NIFTY MIDCAP 100|NIFTY MIDCAP 150|NIFTY MIDSMALLCAP 400,nifty_200|nifty_500|nifty_largemidcap_250|nifty_midcap_100|nifty_midcap_150|nifty_midsmallcap_400,,6,,2026-06-30
LGEINDIA,NIFTY 200|NIFTY 500|NIFTY CONSUMER DURABLES|NIFTY LARGEMIDCAP 250|NIFTY MIDCAP 100|NIFTY MIDCAP 150|NIFTY MIDSMALLCAP 400,nifty_200|nifty_500|nifty_consumer_durables|nifty_largemidcap_250|nifty_midcap_100|nifty_midcap_150|nifty_midsmallcap_400,FMCG,7,FMCG,2026-06-30
LICHSGFIN,NIFTY 200|NIFTY 500|NIFTY FINANCIAL SERVICES 25/50|NIFTY LARGEMIDCAP 250|NIFTY MIDCAP 100|NIFTY MIDCAP 150|NIFTY MIDSMALLCAP 400,nifty_200|nifty_500|nifty_financial_services_25_50|nifty_largemidcap_250|nifty_midcap_100|nifty_midcap_150|nifty_midsmallcap_400,FINANCIAL_SERVICES,7,FINANCIAL_SERVICES,2026-06-30
LICI,NIFTY 500|NIFTY LARGEMIDCAP 250|NIFTY MIDCAP 150|NIFTY MIDSMALLCAP 400,nifty_500|nifty_largemidcap_250|nifty_midcap_150|nifty_midsmallcap_400,,4,,2026-06-30
LINDEINDIA,NIFTY 500|NIFTY LARGEMIDCAP 250|NIFTY MIDCAP 150|NIFTY MIDSMALLCAP 400|NIFTY MNC,nifty_500|nifty_largemidcap_250|nifty_midcap_150|nifty_midsmallcap_400|nifty_mnc,,5,,2026-06-30
LLOYDSME,NIFTY 500|NIFTY LARGEMIDCAP 250|NIFTY METAL|NIFTY MIDCAP 150|NIFTY MIDSMALLCAP 400,nifty_500|nifty_largemidcap_250|nifty_metal|nifty_midcap_150|nifty_midsmallcap_400,METAL,5,METAL,2026-06-30
LODHA,NIFTY 100|NIFTY 200|NIFTY 500|NIFTY LARGEMIDCAP 250|NIFTY NEXT 50|NIFTY REALTY,nifty_100|nifty_200|nifty_500|nifty_largemidcap_250|nifty_next_50|nifty_realty,REALTY,6,REALTY,2026-06-30
LT,NIFTY 100|NIFTY 200|NIFTY 50|NIFTY 500|NIFTY LARGEMIDCAP 250,nifty_100|nifty_200|nifty_50|nifty_500|nifty_largemidcap_250,,5,,2026-06-30
LTF,NIFTY 200|NIFTY 500|NIFTY LARGEMIDCAP 250|NIFTY MIDCAP 100|NIFTY MIDCAP 150|NIFTY MIDSMALLCAP 400,nifty_200|nifty_500|nifty_largemidcap_250|nifty_midcap_100|nifty_midcap_150|nifty_midsmallcap_400,,6,,2026-06-30
LTFOODS,NIFTY 500|NIFTY MIDSMALLCAP 400|NIFTY SMALLCAP 250,nifty_500|nifty_midsmallcap_400|nifty_smallcap_250,,3,,2026-06-30
LTM,NIFTY 100|NIFTY 200|NIFTY 500|NIFTY IT|NIFTY LARGEMIDCAP 250|NIFTY NEXT 50,nifty_100|nifty_200|nifty_500|nifty_it|nifty_largemidcap_250|nifty_next_50,IT,6,IT,2026-06-30
LTTS,NIFTY 500|NIFTY LARGEMIDCAP 250|NIFTY MIDCAP 150|NIFTY MIDSMALLCAP 400,nifty_500|nifty_largemidcap_250|nifty_midcap_150|nifty_midsmallcap_400,,4,,2026-06-30
LUPIN,NIFTY 200|NIFTY 500|NIFTY HEALTHCARE INDEX|NIFTY LARGEMIDCAP 250|NIFTY MIDCAP 100|NIFTY MIDCAP 150|NIFTY MIDCAP 50|NIFTY MIDSMALLCAP 400|NIFTY PHARMA,nifty_200|nifty_500|nifty_healthcare_index|nifty_largemidcap_250|nifty_midcap_100|nifty_midcap_150|nifty_midcap_50|nifty_midsmallcap_400|nifty_pharma,HEALTHCARE|PHARMA,9,HEALTHCARE,2026-06-30
M&M,NIFTY 100|NIFTY 200|NIFTY 50|NIFTY 500|NIFTY AUTO|NIFTY LARGEMIDCAP 250,nifty_100|nifty_200|nifty_50|nifty_500|nifty_auto|nifty_largemidcap_250,AUTO,6,AUTO,2026-06-30
M&MFIN,NIFTY 200|NIFTY 500|NIFTY LARGEMIDCAP 250|NIFTY MIDCAP 100|NIFTY MIDCAP 150|NIFTY MIDSMALLCAP 400,nifty_200|nifty_500|nifty_largemidcap_250|nifty_midcap_100|nifty_midcap_150|nifty_midsmallcap_400,,6,,2026-06-30
MAHABANK,NIFTY 500|NIFTY LARGEMIDCAP 250|NIFTY MIDCAP 150|NIFTY MIDSMALLCAP 400|NIFTY PSU BANK,nifty_500|nifty_largemidcap_250|nifty_midcap_150|nifty_midsmallcap_400|nifty_psu_bank,BANKING,5,BANKING,2026-06-30
MANAPPURAM,NIFTY 500|NIFTY MIDSMALLCAP 400|NIFTY SMALLCAP 100|NIFTY SMALLCAP 250,nifty_500|nifty_midsmallcap_400|nifty_smallcap_100|nifty_smallcap_250,,4,,2026-06-30
MANKIND,NIFTY 200|NIFTY 500|NIFTY HEALTHCARE INDEX|NIFTY LARGEMIDCAP 250|NIFTY MIDCAP 100|NIFTY MIDCAP 150|NIFTY MIDCAP 50|NIFTY MIDSMALLCAP 400|NIFTY PHARMA,nifty_200|nifty_500|nifty_healthcare_index|nifty_largemidcap_250|nifty_midcap_100|nifty_midcap_150|nifty_midcap_50|nifty_midsmallcap_400|nifty_pharma,HEALTHCARE|PHARMA,9,HEALTHCARE,2026-06-30
MAPMYINDIA,NIFTY 500|NIFTY MIDSMALLCAP 400|NIFTY SMALLCAP 250,nifty_500|nifty_midsmallcap_400|nifty_smallcap_250,,3,,2026-06-30
MARICO,NIFTY 200|NIFTY 500|NIFTY FMCG|NIFTY LARGEMIDCAP 250|NIFTY MIDCAP 100|NIFTY MIDCAP 150|NIFTY MIDCAP 50|NIFTY MIDSMALLCAP 400,nifty_200|nifty_500|nifty_fmcg|nifty_largemidcap_250|nifty_midcap_100|nifty_midcap_150|nifty_midcap_50|nifty_midsmallcap_400,FMCG,8,FMCG,2026-06-30
MARUTI,NIFTY 100|NIFTY 200|NIFTY 50|NIFTY 500|NIFTY AUTO|NIFTY LARGEMIDCAP 250|NIFTY MNC,nifty_100|nifty_200|nifty_50|nifty_500|nifty_auto|nifty_largemidcap_250|nifty_mnc,AUTO,7,AUTO,2026-06-30
MAXHEALTH,NIFTY 100|NIFTY 200|NIFTY 50|NIFTY 500|NIFTY HEALTHCARE INDEX|NIFTY LARGEMIDCAP 250,nifty_100|nifty_200|nifty_50|nifty_500|nifty_healthcare_index|nifty_largemidcap_250,HEALTHCARE,6,HEALTHCARE,2026-06-30
MAZDOCK,NIFTY 100|NIFTY 200|NIFTY 500|NIFTY LARGEMIDCAP 250|NIFTY NEXT 50,nifty_100|nifty_200|nifty_500|nifty_largemidcap_250|nifty_next_50,,5,,2026-06-30
MCX,NIFTY 200|NIFTY 500|NIFTY LARGEMIDCAP 250|NIFTY MIDCAP 100|NIFTY MIDCAP 150|NIFTY MIDCAP 50|NIFTY MIDSMALLCAP 400,nifty_200|nifty_500|nifty_largemidcap_250|nifty_midcap_100|nifty_midcap_150|nifty_midcap_50|nifty_midsmallcap_400,,7,,2026-06-30
MEDANTA,NIFTY 500|NIFTY LARGEMIDCAP 250|NIFTY MIDCAP 150|NIFTY MIDSMALLCAP 400,nifty_500|nifty_largemidcap_250|nifty_midcap_150|nifty_midsmallcap_400,,4,,2026-06-30
MEESHO,NIFTY 500|NIFTY MIDSMALLCAP 400|NIFTY SMALLCAP 100|NIFTY SMALLCAP 250,nifty_500|nifty_midsmallcap_400|nifty_smallcap_100|nifty_smallcap_250,,4,,2026-06-30
MFSL,NIFTY 200|NIFTY 500|NIFTY FINANCIAL SERVICES 25/50|NIFTY LARGEMIDCAP 250|NIFTY MIDCAP 100|NIFTY MIDCAP 150|NIFTY MIDCAP 50|NIFTY MIDSMALLCAP 400,nifty_200|nifty_500|nifty_financial_services_25_50|nifty_largemidcap_250|nifty_midcap_100|nifty_midcap_150|nifty_midcap_50|nifty_midsmallcap_400,FINANCIAL_SERVICES,8,FINANCIAL_SERVICES,2026-06-30
MGL,NIFTY 500|NIFTY ENERGY|NIFTY MIDSMALLCAP 400|NIFTY OIL & GAS|NIFTY SMALLCAP 250,nifty_500|nifty_energy|nifty_midsmallcap_400|nifty_oil_gas|nifty_smallcap_250,ENERGY,5,ENERGY,2026-06-30
MINDACORP,NIFTY 500|NIFTY MIDSMALLCAP 400|NIFTY SMALLCAP 250,nifty_500|nifty_midsmallcap_400|nifty_smallcap_250,,3,,2026-06-30
MMTC,NIFTY 500|NIFTY MIDSMALLCAP 400|NIFTY SMALLCAP 250,nifty_500|nifty_midsmallcap_400|nifty_smallcap_250,,3,,2026-06-30
MOTHERSON,NIFTY 100|NIFTY 200|NIFTY 500|NIFTY AUTO|NIFTY LARGEMIDCAP 250|NIFTY NEXT 50,nifty_100|nifty_200|nifty_500|nifty_auto|nifty_largemidcap_250|nifty_next_50,AUTO,6,AUTO,2026-06-30
MOTILALOFS,NIFTY 200|NIFTY 500|NIFTY LARGEMIDCAP 250|NIFTY MIDCAP 100|NIFTY MIDCAP 150|NIFTY MIDSMALLCAP 400,nifty_200|nifty_500|nifty_largemidcap_250|nifty_midcap_100|nifty_midcap_150|nifty_midsmallcap_400,,6,,2026-06-30
MPHASIS,NIFTY 200|NIFTY 500|NIFTY IT|NIFTY LARGEMIDCAP 250|NIFTY MIDCAP 100|NIFTY MIDCAP 150|NIFTY MIDCAP 50|NIFTY MIDSMALLCAP 400,nifty_200|nifty_500|nifty_it|nifty_largemidcap_250|nifty_midcap_100|nifty_midcap_150|nifty_midcap_50|nifty_midsmallcap_400,IT,8,IT,2026-06-30
MRF,NIFTY 200|NIFTY 500|NIFTY LARGEMIDCAP 250|NIFTY MIDCAP 100|NIFTY MIDCAP 150|NIFTY MIDSMALLCAP 400,nifty_200|nifty_500|nifty_largemidcap_250|nifty_midcap_100|nifty_midcap_150|nifty_midsmallcap_400,,6,,2026-06-30
MRPL,NIFTY 500|NIFTY MIDSMALLCAP 400|NIFTY SMALLCAP 100|NIFTY SMALLCAP 250,nifty_500|nifty_midsmallcap_400|nifty_smallcap_100|nifty_smallcap_250,,4,,2026-06-30
MSUMI,NIFTY 500|NIFTY MIDSMALLCAP 400|NIFTY SMALLCAP 250,nifty_500|nifty_midsmallcap_400|nifty_smallcap_250,,3,,2026-06-30
MUTHOOTFIN,NIFTY 100|NIFTY 200|NIFTY 500|NIFTY FINANCIAL SERVICES 25/50|NIFTY LARGEMIDCAP 250|NIFTY NEXT 50,nifty_100|nifty_200|nifty_500|nifty_financial_services_25_50|nifty_largemidcap_250|nifty_next_50,FINANCIAL_SERVICES,6,FINANCIAL_SERVICES,2026-06-30
NAM-INDIA,NIFTY 500|NIFTY LARGEMIDCAP 250|NIFTY MIDCAP 150|NIFTY MIDSMALLCAP 400|NIFTY MNC,nifty_500|nifty_largemidcap_250|nifty_midcap_150|nifty_midsmallcap_400|nifty_mnc,,5,,2026-06-30
NATCOPHARM,NIFTY 500|NIFTY MIDSMALLCAP 400|NIFTY SMALLCAP 100|NIFTY SMALLCAP 250,nifty_500|nifty_midsmallcap_400|nifty_smallcap_100|nifty_smallcap_250,,4,,2026-06-30
NATIONALUM,NIFTY 200|NIFTY 500|NIFTY LARGEMIDCAP 250|NIFTY METAL|NIFTY MIDCAP 100|NIFTY MIDCAP 150|NIFTY MIDSMALLCAP 400,nifty_200|nifty_500|nifty_largemidcap_250|nifty_metal|nifty_midcap_100|nifty_midcap_150|nifty_midsmallcap_400,METAL,7,METAL,2026-06-30
NAUKRI,NIFTY 200|NIFTY 500|NIFTY LARGEMIDCAP 250|NIFTY MIDCAP 100|NIFTY MIDCAP 150|NIFTY MIDCAP 50|NIFTY MIDSMALLCAP 400,nifty_200|nifty_500|nifty_largemidcap_250|nifty_midcap_100|nifty_midcap_150|nifty_midcap_50|nifty_midsmallcap_400,,7,,2026-06-30
NAVA,NIFTY 500|NIFTY ENERGY|NIFTY MIDSMALLCAP 400|NIFTY SMALLCAP 250,nifty_500|nifty_energy|nifty_midsmallcap_400|nifty_smallcap_250,ENERGY,4,ENERGY,2026-06-30
NAVINFLUOR,NIFTY 500|NIFTY MIDSMALLCAP 400|NIFTY SMALLCAP 100|NIFTY SMALLCAP 250,nifty_500|nifty_midsmallcap_400|nifty_smallcap_100|nifty_smallcap_250,,4,,2026-06-30
NAZARA,NIFTY MEDIA,nifty_media,MEDIA,1,MEDIA,2026-06-30
NBCC,NIFTY 500|NIFTY CPSE|NIFTY MIDSMALLCAP 400|NIFTY SMALLCAP 100|NIFTY SMALLCAP 250,nifty_500|nifty_cpse|nifty_midsmallcap_400|nifty_smallcap_100|nifty_smallcap_250,,5,,2026-06-30
NCC,NIFTY 500|NIFTY MIDSMALLCAP 400|NIFTY SMALLCAP 250,nifty_500|nifty_midsmallcap_400|nifty_smallcap_250,,3,,2026-06-30
NESTLEIND,NIFTY 100|NIFTY 200|NIFTY 50|NIFTY 500|NIFTY FMCG|NIFTY LARGEMIDCAP 250|NIFTY MNC,nifty_100|nifty_200|nifty_50|nifty_500|nifty_fmcg|nifty_largemidcap_250|nifty_mnc,FMCG,7,FMCG,2026-06-30
NETWEB,NIFTY 500|NIFTY MIDSMALLCAP 400|NIFTY SMALLCAP 100|NIFTY SMALLCAP 250,nifty_500|nifty_midsmallcap_400|nifty_smallcap_100|nifty_smallcap_250,,4,,2026-06-30
NETWORK18,NIFTY MEDIA,nifty_media,MEDIA,1,MEDIA,2026-06-30
NEULANDLAB,NIFTY 500|NIFTY MIDSMALLCAP 400|NIFTY SMALLCAP 100|NIFTY SMALLCAP 250,nifty_500|nifty_midsmallcap_400|nifty_smallcap_100|nifty_smallcap_250,,4,,2026-06-30
NEWGEN,NIFTY 500|NIFTY MIDSMALLCAP 400|NIFTY SMALLCAP 250,nifty_500|nifty_midsmallcap_400|nifty_smallcap_250,,3,,2026-06-30
NH,NIFTY 500|NIFTY MIDSMALLCAP 400|NIFTY SMALLCAP 100|NIFTY SMALLCAP 250,nifty_500|nifty_midsmallcap_400|nifty_smallcap_100|nifty_smallcap_250,,4,,2026-06-30
NHPC,NIFTY 200|NIFTY 500|NIFTY COMMODITIES|NIFTY CPSE|NIFTY ENERGY|NIFTY LARGEMIDCAP 250|NIFTY MIDCAP 100|NIFTY MIDCAP 150|NIFTY MIDCAP 50|NIFTY MIDSMALLCAP 400|NIFTY PSE,nifty_200|nifty_500|nifty_commodities|nifty_cpse|nifty_energy|nifty_largemidcap_250|nifty_midcap_100|nifty_midcap_150|nifty_midcap_50|nifty_midsmallcap_400|nifty_pse,ENERGY,11,ENERGY,2026-06-30
NIACL,NIFTY 500|NIFTY LARGEMIDCAP 250|NIFTY MIDCAP 150|NIFTY MIDSMALLCAP 400,nifty_500|nifty_largemidcap_250|nifty_midcap_150|nifty_midsmallcap_400,,4,,2026-06-30
NIVABUPA,NIFTY 500|NIFTY MIDSMALLCAP 400|NIFTY SMALLCAP 250,nifty_500|nifty_midsmallcap_400|nifty_smallcap_250,,3,,2026-06-30
NLCINDIA,NIFTY 500|NIFTY CPSE|NIFTY ENERGY|NIFTY LARGEMIDCAP 250|NIFTY MIDCAP 150|NIFTY MIDSMALLCAP 400,nifty_500|nifty_cpse|nifty_energy|nifty_largemidcap_250|nifty_midcap_150|nifty_midsmallcap_400,ENERGY,6,ENERGY,2026-06-30
NMDC,NIFTY 200|NIFTY 500|NIFTY COMMODITIES|NIFTY LARGEMIDCAP 250|NIFTY METAL|NIFTY MIDCAP 100|NIFTY MIDCAP 150|NIFTY MIDCAP 50|NIFTY MIDSMALLCAP 400|NIFTY PSE,nifty_200|nifty_500|nifty_commodities|nifty_largemidcap_250|nifty_metal|nifty_midcap_100|nifty_midcap_150|nifty_midcap_50|nifty_midsmallcap_400|nifty_pse,METAL,10,METAL,2026-06-30
NSLNISP,NIFTY 500|NIFTY MIDSMALLCAP 400|NIFTY SMALLCAP 250,nifty_500|nifty_midsmallcap_400|nifty_smallcap_250,,3,,2026-06-30
NTPC,NIFTY 100|NIFTY 200|NIFTY 50|NIFTY 500|NIFTY COMMODITIES|NIFTY CPSE|NIFTY ENERGY|NIFTY LARGEMIDCAP 250|NIFTY PSE,nifty_100|nifty_200|nifty_50|nifty_500|nifty_commodities|nifty_cpse|nifty_energy|nifty_largemidcap_250|nifty_pse,ENERGY,9,ENERGY,2026-06-30
NTPCGREEN,NIFTY 500|NIFTY ENERGY|NIFTY LARGEMIDCAP 250|NIFTY MIDCAP 150|NIFTY MIDSMALLCAP 400,nifty_500|nifty_energy|nifty_largemidcap_250|nifty_midcap_150|nifty_midsmallcap_400,ENERGY,5,ENERGY,2026-06-30
NUVAMA,NIFTY 500|NIFTY MIDSMALLCAP 400|NIFTY SMALLCAP 100|NIFTY SMALLCAP 250,nifty_500|nifty_midsmallcap_400|nifty_smallcap_100|nifty_smallcap_250,,4,,2026-06-30
NUVOCO,NIFTY 500|NIFTY MIDSMALLCAP 400|NIFTY SMALLCAP 250,nifty_500|nifty_midsmallcap_400|nifty_smallcap_250,,3,,2026-06-30
NYKAA,NIFTY 200|NIFTY 500|NIFTY LARGEMIDCAP 250|NIFTY MIDCAP 100|NIFTY MIDCAP 150|NIFTY MIDCAP 50|NIFTY MIDSMALLCAP 400,nifty_200|nifty_500|nifty_largemidcap_250|nifty_midcap_100|nifty_midcap_150|nifty_midcap_50|nifty_midsmallcap_400,,7,,2026-06-30
OBEROIRLTY,NIFTY 200|NIFTY 500|NIFTY LARGEMIDCAP 250|NIFTY MIDCAP 100|NIFTY MIDCAP 150|NIFTY MIDSMALLCAP 400|NIFTY REALTY,nifty_200|nifty_500|nifty_largemidcap_250|nifty_midcap_100|nifty_midcap_150|nifty_midsmallcap_400|nifty_realty,REALTY,7,REALTY,2026-06-30
OFSS,NIFTY 200|NIFTY 500|NIFTY IT|NIFTY LARGEMIDCAP 250|NIFTY MIDCAP 100|NIFTY MIDCAP 150|NIFTY MIDSMALLCAP 400|NIFTY MNC,nifty_200|nifty_500|nifty_it|nifty_largemidcap_250|nifty_midcap_100|nifty_midcap_150|nifty_midsmallcap_400|nifty_mnc,IT,8,IT,2026-06-30
OIL,NIFTY 200|NIFTY 500|NIFTY COMMODITIES|NIFTY CPSE|NIFTY ENERGY|NIFTY LARGEMIDCAP 250|NIFTY MIDCAP 100|NIFTY MIDCAP 150|NIFTY MIDCAP 50|NIFTY MIDSMALLCAP 400|NIFTY OIL & GAS|NIFTY PSE,nifty_200|nifty_500|nifty_commodities|nifty_cpse|nifty_energy|nifty_largemidcap_250|nifty_midcap_100|nifty_midcap_150|nifty_midcap_50|nifty_midsmallcap_400|nifty_oil_gas|nifty_pse,ENERGY,12,ENERGY,2026-06-30
OLAELEC,NIFTY 500|NIFTY MIDSMALLCAP 400|NIFTY SMALLCAP 100|NIFTY SMALLCAP 250,nifty_500|nifty_midsmallcap_400|nifty_smallcap_100|nifty_smallcap_250,,4,,2026-06-30
OLECTRA,NIFTY 500|NIFTY MIDSMALLCAP 400|NIFTY SMALLCAP 250,nifty_500|nifty_midsmallcap_400|nifty_smallcap_250,,3,,2026-06-30
ONESOURCE,NIFTY 500|NIFTY MIDSMALLCAP 400|NIFTY SMALLCAP 250,nifty_500|nifty_midsmallcap_400|nifty_smallcap_250,,3,,2026-06-30
ONGC,NIFTY 100|NIFTY 200|NIFTY 50|NIFTY 500|NIFTY COMMODITIES|NIFTY CPSE|NIFTY ENERGY|NIFTY LARGEMIDCAP 250|NIFTY OIL & GAS|NIFTY PSE,nifty_100|nifty_200|nifty_50|nifty_500|nifty_commodities|nifty_cpse|nifty_energy|nifty_largemidcap_250|nifty_oil_gas|nifty_pse,ENERGY,10,ENERGY,2026-06-30
PAGEIND,NIFTY 200|NIFTY 500|NIFTY LARGEMIDCAP 250|NIFTY MIDCAP 100|NIFTY MIDCAP 150|NIFTY MIDSMALLCAP 400,nifty_200|nifty_500|nifty_largemidcap_250|nifty_midcap_100|nifty_midcap_150|nifty_midsmallcap_400,,6,,2026-06-30
PARADEEP,NIFTY 500|NIFTY MIDSMALLCAP 400|NIFTY SMALLCAP 250,nifty_500|nifty_midsmallcap_400|nifty_smallcap_250,,3,,2026-06-30
PATANJALI,NIFTY 200|NIFTY 500|NIFTY FMCG|NIFTY LARGEMIDCAP 250|NIFTY MIDCAP 100|NIFTY MIDCAP 150|NIFTY MIDSMALLCAP 400,nifty_200|nifty_500|nifty_fmcg|nifty_largemidcap_250|nifty_midcap_100|nifty_midcap_150|nifty_midsmallcap_400,FMCG,7,FMCG,2026-06-30
PAYTM,NIFTY 200|NIFTY 500|NIFTY LARGEMIDCAP 250|NIFTY MIDCAP 100|NIFTY MIDCAP 150|NIFTY MIDCAP 50|NIFTY MIDSMALLCAP 400,nifty_200|nifty_500|nifty_largemidcap_250|nifty_midcap_100|nifty_midcap_150|nifty_midcap_50|nifty_midsmallcap_400,,7,,2026-06-30
PCBL,NIFTY 500|NIFTY MIDSMALLCAP 400|NIFTY SMALLCAP 250,nifty_500|nifty_midsmallcap_400|nifty_smallcap_250,,3,,2026-06-30
PERSISTENT,NIFTY 200|NIFTY 500|NIFTY IT|NIFTY LARGEMIDCAP 250|NIFTY MIDCAP 100|NIFTY MIDCAP 150|NIFTY MIDCAP 50|NIFTY MIDSMALLCAP 400,nifty_200|nifty_500|nifty_it|nifty_largemidcap_250|nifty_midcap_100|nifty_midcap_150|nifty_midcap_50|nifty_midsmallcap_400,IT,8,IT,2026-06-30
PETRONET,NIFTY 500|NIFTY ENERGY|NIFTY LARGEMIDCAP 250|NIFTY MIDCAP 150|NIFTY MIDSMALLCAP 400|NIFTY OIL & GAS,nifty_500|nifty_energy|nifty_largemidcap_250|nifty_midcap_150|nifty_midsmallcap_400|nifty_oil_gas,ENERGY,6,ENERGY,2026-06-30
PFC,NIFTY 100|NIFTY 200|NIFTY 500|NIFTY FINANCIAL SERVICES 25/50|NIFTY LARGEMIDCAP 250|NIFTY NEXT 50|NIFTY PSE,nifty_100|nifty_200|nifty_500|nifty_financial_services_25_50|nifty_largemidcap_250|nifty_next_50|nifty_pse,FINANCIAL_SERVICES,7,FINANCIAL_SERVICES,2026-06-30
PFIZER,NIFTY 500|NIFTY MIDSMALLCAP 400|NIFTY SMALLCAP 250,nifty_500|nifty_midsmallcap_400|nifty_smallcap_250,,3,,2026-06-30
PGEL,NIFTY 500|NIFTY CONSUMER DURABLES|NIFTY MIDSMALLCAP 400|NIFTY SMALLCAP 100|NIFTY SMALLCAP 250,nifty_500|nifty_consumer_durables|nifty_midsmallcap_400|nifty_smallcap_100|nifty_smallcap_250,FMCG,5,FMCG,2026-06-30
PHOENIXLTD,NIFTY 200|NIFTY 500|NIFTY LARGEMIDCAP 250|NIFTY MIDCAP 100|NIFTY MIDCAP 150|NIFTY MIDCAP 50|NIFTY MIDSMALLCAP 400|NIFTY REALTY,nifty_200|nifty_500|nifty_largemidcap_250|nifty_midcap_100|nifty_midcap_150|nifty_midcap_50|nifty_midsmallcap_400|nifty_realty,REALTY,8,REALTY,2026-06-30
PIDILITIND,NIFTY 100|NIFTY 200|NIFTY 500|NIFTY COMMODITIES|NIFTY LARGEMIDCAP 250|NIFTY NEXT 50,nifty_100|nifty_200|nifty_500|nifty_commodities|nifty_largemidcap_250|nifty_next_50,,6,,2026-06-30
PIIND,NIFTY 200|NIFTY 500|NIFTY COMMODITIES|NIFTY LARGEMIDCAP 250|NIFTY MIDCAP 100|NIFTY MIDCAP 150|NIFTY MIDSMALLCAP 400,nifty_200|nifty_500|nifty_commodities|nifty_largemidcap_250|nifty_midcap_100|nifty_midcap_150|nifty_midsmallcap_400,,7,,2026-06-30
PINELABS,NIFTY 500|NIFTY MIDSMALLCAP 400|NIFTY SMALLCAP 100|NIFTY SMALLCAP 250,nifty_500|nifty_midsmallcap_400|nifty_smallcap_100|nifty_smallcap_250,,4,,2026-06-30
PIRAMALFIN,NIFTY 500|NIFTY MIDSMALLCAP 400|NIFTY SMALLCAP 100|NIFTY SMALLCAP 250,nifty_500|nifty_midsmallcap_400|nifty_smallcap_100|nifty_smallcap_250,,4,,2026-06-30
PNB,NIFTY 100|NIFTY 200|NIFTY 500|NIFTY BANK|NIFTY LARGEMIDCAP 250|NIFTY NEXT 50|NIFTY PSU BANK,nifty_100|nifty_200|nifty_500|nifty_bank|nifty_largemidcap_250|nifty_next_50|nifty_psu_bank,BANKING,7,BANKING,2026-06-30
PNBHOUSING,NIFTY 500|NIFTY MIDSMALLCAP 400|NIFTY SMALLCAP 100|NIFTY SMALLCAP 250,nifty_500|nifty_midsmallcap_400|nifty_smallcap_100|nifty_smallcap_250,,4,,2026-06-30
POLICYBZR,NIFTY 200|NIFTY 500|NIFTY LARGEMIDCAP 250|NIFTY MIDCAP 100|NIFTY MIDCAP 150|NIFTY MIDCAP 50|NIFTY MIDSMALLCAP 400,nifty_200|nifty_500|nifty_largemidcap_250|nifty_midcap_100|nifty_midcap_150|nifty_midcap_50|nifty_midsmallcap_400,,7,,2026-06-30
POLYCAB,NIFTY 200|NIFTY 500|NIFTY LARGEMIDCAP 250|NIFTY MIDCAP 100|NIFTY MIDCAP 150|NIFTY MIDCAP 50|NIFTY MIDSMALLCAP 400,nifty_200|nifty_500|nifty_largemidcap_250|nifty_midcap_100|nifty_midcap_150|nifty_midcap_50|nifty_midsmallcap_400,,7,,2026-06-30
POLYMED,NIFTY 500|NIFTY MIDSMALLCAP 400|NIFTY SMALLCAP 250,nifty_500|nifty_midsmallcap_400|nifty_smallcap_250,,3,,2026-06-30
POONAWALLA,NIFTY 500|NIFTY MIDSMALLCAP 400|NIFTY SMALLCAP 100|NIFTY SMALLCAP 250,nifty_500|nifty_midsmallcap_400|nifty_smallcap_100|nifty_smallcap_250,,4,,2026-06-30
POWERGRID,NIFTY 100|NIFTY 200|NIFTY 50|NIFTY 500|NIFTY CPSE|NIFTY ENERGY|NIFTY LARGEMIDCAP 250|NIFTY PSE,nifty_100|nifty_200|nifty_50|nifty_500|nifty_cpse|nifty_energy|nifty_largemidcap_250|nifty_pse,ENERGY,8,ENERGY,2026-06-30
POWERINDIA,NIFTY 200|NIFTY 500|NIFTY ENERGY|NIFTY LARGEMIDCAP 250|NIFTY MIDCAP 100|NIFTY MIDCAP 150|NIFTY MIDSMALLCAP 400|NIFTY MNC,nifty_200|nifty_500|nifty_energy|nifty_largemidcap_250|nifty_midcap_100|nifty_midcap_150|nifty_midsmallcap_400|nifty_mnc,ENERGY,8,ENERGY,2026-06-30
PPLPHARMA,NIFTY 500|NIFTY HEALTHCARE INDEX|NIFTY MIDSMALLCAP 400|NIFTY PHARMA|NIFTY SMALLCAP 100|NIFTY SMALLCAP 250,nifty_500|nifty_healthcare_index|nifty_midsmallcap_400|nifty_pharma|nifty_smallcap_100|nifty_smallcap_250,HEALTHCARE|PHARMA,6,HEALTHCARE,2026-06-30
PREMIERENE,NIFTY 200|NIFTY 500|NIFTY LARGEMIDCAP 250|NIFTY MIDCAP 100|NIFTY MIDCAP 150|NIFTY MIDSMALLCAP 400,nifty_200|nifty_500|nifty_largemidcap_250|nifty_midcap_100|nifty_midcap_150|nifty_midsmallcap_400,,6,,2026-06-30
PRESTIGE,NIFTY 200|NIFTY 500|NIFTY LARGEMIDCAP 250|NIFTY MIDCAP 100|NIFTY MIDCAP 150|NIFTY MIDCAP 50|NIFTY MIDSMALLCAP 400|NIFTY REALTY,nifty_200|nifty_500|nifty_largemidcap_250|nifty_midcap_100|nifty_midcap_150|nifty_midcap_50|nifty_midsmallcap_400|nifty_realty,REALTY,8,REALTY,2026-06-30
PSB,NIFTY PSU BANK,nifty_psu_bank,BANKING,1,BANKING,2026-06-30
PTCIL,NIFTY 500|NIFTY MIDSMALLCAP 400|NIFTY SMALLCAP 250,nifty_500|nifty_midsmallcap_400|nifty_smallcap_250,,3,,2026-06-30
PVRINOX,NIFTY 500|NIFTY MEDIA|NIFTY MIDSMALLCAP 400|NIFTY SMALLCAP 250,nifty_500|nifty_media|nifty_midsmallcap_400|nifty_smallcap_250,MEDIA,4,MEDIA,2026-06-30
PWL,NIFTY 500|NIFTY MIDSMALLCAP 400|NIFTY SMALLCAP 100|NIFTY SMALLCAP 250,nifty_500|nifty_midsmallcap_400|nifty_smallcap_100|nifty_smallcap_250,,4,,2026-06-30
RADICO,NIFTY 200|NIFTY 500|NIFTY FMCG|NIFTY LARGEMIDCAP 250|NIFTY MIDCAP 100|NIFTY MIDCAP 150|NIFTY MIDSMALLCAP 400,nifty_200|nifty_500|nifty_fmcg|nifty_largemidcap_250|nifty_midcap_100|nifty_midcap_150|nifty_midsmallcap_400,FMCG,7,FMCG,2026-06-30
RAILTEL,NIFTY 500|NIFTY MIDSMALLCAP 400|NIFTY SMALLCAP 250,nifty_500|nifty_midsmallcap_400|nifty_smallcap_250,,3,,2026-06-30
RAINBOW,NIFTY 500|NIFTY MIDSMALLCAP 400|NIFTY SMALLCAP 250,nifty_500|nifty_midsmallcap_400|nifty_smallcap_250,,3,,2026-06-30
RAMCOCEM,NIFTY 500|NIFTY MIDSMALLCAP 400|NIFTY SMALLCAP 100|NIFTY SMALLCAP 250,nifty_500|nifty_midsmallcap_400|nifty_smallcap_100|nifty_smallcap_250,,4,,2026-06-30
RBLBANK,NIFTY 500|NIFTY MIDSMALLCAP 400|NIFTY SMALLCAP 100|NIFTY SMALLCAP 250,nifty_500|nifty_midsmallcap_400|nifty_smallcap_100|nifty_smallcap_250,,4,,2026-06-30
RECLTD,NIFTY 100|NIFTY 200|NIFTY 500|NIFTY FINANCIAL SERVICES 25/50|NIFTY LARGEMIDCAP 250|NIFTY NEXT 50|NIFTY PSE,nifty_100|nifty_200|nifty_500|nifty_financial_services_25_50|nifty_largemidcap_250|nifty_next_50|nifty_pse,FINANCIAL_SERVICES,7,FINANCIAL_SERVICES,2026-06-30
REDINGTON,NIFTY 500|NIFTY MIDSMALLCAP 400|NIFTY SMALLCAP 100|NIFTY SMALLCAP 250,nifty_500|nifty_midsmallcap_400|nifty_smallcap_100|nifty_smallcap_250,,4,,2026-06-30
RELIANCE,NIFTY 100|NIFTY 200|NIFTY 50|NIFTY 500|NIFTY COMMODITIES|NIFTY ENERGY|NIFTY LARGEMIDCAP 250|NIFTY OIL & GAS,nifty_100|nifty_200|nifty_50|nifty_500|nifty_commodities|nifty_energy|nifty_largemidcap_250|nifty_oil_gas,ENERGY,8,ENERGY,2026-06-30
RHIM,NIFTY 500|NIFTY MIDSMALLCAP 400|NIFTY SMALLCAP 250,nifty_500|nifty_midsmallcap_400|nifty_smallcap_250,,3,,2026-06-30
RITES,NIFTY 500|NIFTY MIDSMALLCAP 400|NIFTY SMALLCAP 250,nifty_500|nifty_midsmallcap_400|nifty_smallcap_250,,3,,2026-06-30
RKFORGE,NIFTY 500|NIFTY MIDSMALLCAP 400|NIFTY SMALLCAP 250,nifty_500|nifty_midsmallcap_400|nifty_smallcap_250,,3,,2026-06-30
RPOWER,NIFTY 500|NIFTY ENERGY|NIFTY MIDSMALLCAP 400|NIFTY SMALLCAP 100|NIFTY SMALLCAP 250,nifty_500|nifty_energy|nifty_midsmallcap_400|nifty_smallcap_100|nifty_smallcap_250,ENERGY,5,ENERGY,2026-06-30
RRKABEL,NIFTY 500|NIFTY MIDSMALLCAP 400|NIFTY SMALLCAP 250,nifty_500|nifty_midsmallcap_400|nifty_smallcap_250,,3,,2026-06-30
RVNL,NIFTY 200|NIFTY 500|NIFTY LARGEMIDCAP 250|NIFTY MIDCAP 100|NIFTY MIDCAP 150|NIFTY MIDSMALLCAP 400|NIFTY PSE,nifty_200|nifty_500|nifty_largemidcap_250|nifty_midcap_100|nifty_midcap_150|nifty_midsmallcap_400|nifty_pse,,7,,2026-06-30
SAGILITY,NIFTY 500|NIFTY MIDSMALLCAP 400|NIFTY SMALLCAP 100|NIFTY SMALLCAP 250,nifty_500|nifty_midsmallcap_400|nifty_smallcap_100|nifty_smallcap_250,,4,,2026-06-30
SAIL,NIFTY 200|NIFTY 500|NIFTY LARGEMIDCAP 250|NIFTY METAL|NIFTY MIDCAP 100|NIFTY MIDCAP 150|NIFTY MIDSMALLCAP 400,nifty_200|nifty_500|nifty_largemidcap_250|nifty_metal|nifty_midcap_100|nifty_midcap_150|nifty_midsmallcap_400,METAL,7,METAL,2026-06-30
SAILIFE,NIFTY 500|NIFTY MIDSMALLCAP 400|NIFTY SMALLCAP 100|NIFTY SMALLCAP 250,nifty_500|nifty_midsmallcap_400|nifty_smallcap_100|nifty_smallcap_250,,4,,2026-06-30
SAMMAANCAP,NIFTY 500|NIFTY MIDSMALLCAP 400|NIFTY SMALLCAP 250,nifty_500|nifty_midsmallcap_400|nifty_smallcap_250,,3,,2026-06-30
SAPPHIRE,NIFTY 500|NIFTY MIDSMALLCAP 400|NIFTY SMALLCAP 250,nifty_500|nifty_midsmallcap_400|nifty_smallcap_250,,3,,2026-06-30
SARDAEN,NIFTY 500|NIFTY MIDSMALLCAP 400|NIFTY SMALLCAP 100|NIFTY SMALLCAP 250,nifty_500|nifty_midsmallcap_400|nifty_smallcap_100|nifty_smallcap_250,,4,,2026-06-30
SAREGAMA,NIFTY 500|NIFTY MEDIA|NIFTY MIDSMALLCAP 400|NIFTY SMALLCAP 250,nifty_500|nifty_media|nifty_midsmallcap_400|nifty_smallcap_250,MEDIA,4,MEDIA,2026-06-30
SBFC,NIFTY 500|NIFTY MIDSMALLCAP 400|NIFTY SMALLCAP 250,nifty_500|nifty_midsmallcap_400|nifty_smallcap_250,,3,,2026-06-30
SBICARD,NIFTY 200|NIFTY 500|NIFTY FINANCIAL SERVICES 25/50|NIFTY LARGEMIDCAP 250|NIFTY MIDCAP 100|NIFTY MIDCAP 150|NIFTY MIDCAP 50|NIFTY MIDSMALLCAP 400,nifty_200|nifty_500|nifty_financial_services_25_50|nifty_largemidcap_250|nifty_midcap_100|nifty_midcap_150|nifty_midcap_50|nifty_midsmallcap_400,FINANCIAL_SERVICES,8,FINANCIAL_SERVICES,2026-06-30
SBILIFE,NIFTY 100|NIFTY 200|NIFTY 50|NIFTY 500|NIFTY FINANCIAL SERVICES 25/50|NIFTY LARGEMIDCAP 250,nifty_100|nifty_200|nifty_50|nifty_500|nifty_financial_services_25_50|nifty_largemidcap_250,FINANCIAL_SERVICES,6,FINANCIAL_SERVICES,2026-06-30
SBIN,NIFTY 100|NIFTY 200|NIFTY 50|NIFTY 500|NIFTY BANK|NIFTY FINANCIAL SERVICES 25/50|NIFTY LARGEMIDCAP 250|NIFTY PSU BANK,nifty_100|nifty_200|nifty_50|nifty_500|nifty_bank|nifty_financial_services_25_50|nifty_largemidcap_250|nifty_psu_bank,BANKING|FINANCIAL_SERVICES,8,BANKING,2026-06-30
SCHAEFFLER,NIFTY 500|NIFTY LARGEMIDCAP 250|NIFTY MIDCAP 150|NIFTY MIDSMALLCAP 400|NIFTY MNC,nifty_500|nifty_largemidcap_250|nifty_midcap_150|nifty_midsmallcap_400|nifty_mnc,,5,,2026-06-30
SCHNEIDER,NIFTY 500|NIFTY MIDSMALLCAP 400|NIFTY SMALLCAP 250,nifty_500|nifty_midsmallcap_400|nifty_smallcap_250,,3,,2026-06-30
SCI,NIFTY 500|NIFTY MIDSMALLCAP 400|NIFTY SMALLCAP 250,nifty_500|nifty_midsmallcap_400|nifty_smallcap_250,,3,,2026-06-30
SHREECEM,NIFTY 100|NIFTY 200|NIFTY 500|NIFTY COMMODITIES|NIFTY LARGEMIDCAP 250|NIFTY NEXT 50,nifty_100|nifty_200|nifty_500|nifty_commodities|nifty_largemidcap_250|nifty_next_50,,6,,2026-06-30
SHRIRAMFIN,NIFTY 100|NIFTY 200|NIFTY 50|NIFTY 500|NIFTY FINANCIAL SERVICES 25/50|NIFTY LARGEMIDCAP 250,nifty_100|nifty_200|nifty_50|nifty_500|nifty_financial_services_25_50|nifty_largemidcap_250,FINANCIAL_SERVICES,6,FINANCIAL_SERVICES,2026-06-30
SHYAMMETL,NIFTY 500|NIFTY MIDSMALLCAP 400|NIFTY SMALLCAP 250,nifty_500|nifty_midsmallcap_400|nifty_smallcap_250,,3,,2026-06-30
SIEMENS,NIFTY 100|NIFTY 200|NIFTY 500|NIFTY ENERGY|NIFTY LARGEMIDCAP 250|NIFTY MNC|NIFTY NEXT 50,nifty_100|nifty_200|nifty_500|nifty_energy|nifty_largemidcap_250|nifty_mnc|nifty_next_50,ENERGY,7,ENERGY,2026-06-30
SIGNATURE,NIFTY 500|NIFTY MIDSMALLCAP 400|NIFTY SMALLCAP 100|NIFTY SMALLCAP 250,nifty_500|nifty_midsmallcap_400|nifty_smallcap_100|nifty_smallcap_250,,4,,2026-06-30
SJVN,NIFTY 500|NIFTY CPSE|NIFTY ENERGY|NIFTY LARGEMIDCAP 250|NIFTY MIDCAP 150|NIFTY MIDSMALLCAP 400,nifty_500|nifty_cpse|nifty_energy|nifty_largemidcap_250|nifty_midcap_150|nifty_midsmallcap_400,ENERGY,6,ENERGY,2026-06-30
SOBHA,NIFTY 500|NIFTY MIDSMALLCAP 400|NIFTY REALTY|NIFTY SMALLCAP 250,nifty_500|nifty_midsmallcap_400|nifty_realty|nifty_smallcap_250,REALTY,4,REALTY,2026-06-30
SOLARINDS,NIFTY 100|NIFTY 200|NIFTY 500|NIFTY LARGEMIDCAP 250|NIFTY NEXT 50,nifty_100|nifty_200|nifty_500|nifty_largemidcap_250|nifty_next_50,,5,,2026-06-30
SONACOMS,NIFTY 500|NIFTY AUTO|NIFTY MIDSMALLCAP 400|NIFTY SMALLCAP 100|NIFTY SMALLCAP 250,nifty_500|nifty_auto|nifty_midsmallcap_400|nifty_smallcap_100|nifty_smallcap_250,AUTO,5,AUTO,2026-06-30
SONATSOFTW,NIFTY 500|NIFTY MIDSMALLCAP 400|NIFTY SMALLCAP 250,nifty_500|nifty_midsmallcap_400|nifty_smallcap_250,,3,,2026-06-30
SPLPETRO,NIFTY 500|NIFTY MIDSMALLCAP 400|NIFTY SMALLCAP 250,nifty_500|nifty_midsmallcap_400|nifty_smallcap_250,,3,,2026-06-30
SRF,NIFTY 200|NIFTY 500|NIFTY COMMODITIES|NIFTY LARGEMIDCAP 250|NIFTY MIDCAP 100|NIFTY MIDCAP 150|NIFTY MIDCAP 50|NIFTY MIDSMALLCAP 400,nifty_200|nifty_500|nifty_commodities|nifty_largemidcap_250|nifty_midcap_100|nifty_midcap_150|nifty_midcap_50|nifty_midsmallcap_400,,8,,2026-06-30
STARHEALTH,NIFTY 500|NIFTY MIDSMALLCAP 400|NIFTY SMALLCAP 100|NIFTY SMALLCAP 250,nifty_500|nifty_midsmallcap_400|nifty_smallcap_100|nifty_smallcap_250,,4,,2026-06-30
SUMICHEM,NIFTY 500|NIFTY MIDSMALLCAP 400|NIFTY SMALLCAP 250,nifty_500|nifty_midsmallcap_400|nifty_smallcap_250,,3,,2026-06-30
SUNDARMFIN,NIFTY 500|NIFTY LARGEMIDCAP 250|NIFTY MIDCAP 150|NIFTY MIDSMALLCAP 400,nifty_500|nifty_largemidcap_250|nifty_midcap_150|nifty_midsmallcap_400,,4,,2026-06-30
SUNPHARMA,NIFTY 100|NIFTY 200|NIFTY 50|NIFTY 500|NIFTY HEALTHCARE INDEX|NIFTY LARGEMIDCAP 250|NIFTY PHARMA,nifty_100|nifty_200|nifty_50|nifty_500|nifty_healthcare_index|nifty_largemidcap_250|nifty_pharma,HEALTHCARE|PHARMA,7,HEALTHCARE,2026-06-30
SUNTV,NIFTY 500|NIFTY MEDIA|NIFTY MIDSMALLCAP 400|NIFTY SMALLCAP 250,nifty_500|nifty_media|nifty_midsmallcap_400|nifty_smallcap_250,MEDIA,4,MEDIA,2026-06-30
SUPREMEIND,NIFTY 200|NIFTY 500|NIFTY LARGEMIDCAP 250|NIFTY MIDCAP 100|NIFTY MIDCAP 150|NIFTY MIDCAP 50|NIFTY MIDSMALLCAP 400,nifty_200|nifty_500|nifty_largemidcap_250|nifty_midcap_100|nifty_midcap_150|nifty_midcap_50|nifty_midsmallcap_400,,7,,2026-06-30
SUZLON,NIFTY 200|NIFTY 500|NIFTY ENERGY|NIFTY LARGEMIDCAP 250|NIFTY MIDCAP 100|NIFTY MIDCAP 150|NIFTY MIDCAP 50|NIFTY MIDSMALLCAP 400,nifty_200|nifty_500|nifty_energy|nifty_largemidcap_250|nifty_midcap_100|nifty_midcap_150|nifty_midcap_50|nifty_midsmallcap_400,ENERGY,8,ENERGY,2026-06-30
SWANCORP,NIFTY 500|NIFTY MIDSMALLCAP 400|NIFTY SMALLCAP 100|NIFTY SMALLCAP 250,nifty_500|nifty_midsmallcap_400|nifty_smallcap_100|nifty_smallcap_250,,4,,2026-06-30
SWIGGY,NIFTY 200|NIFTY 500|NIFTY LARGEMIDCAP 250|NIFTY MIDCAP 100|NIFTY MIDCAP 150|NIFTY MIDCAP 50|NIFTY MIDSMALLCAP 400,nifty_200|nifty_500|nifty_largemidcap_250|nifty_midcap_100|nifty_midcap_150|nifty_midcap_50|nifty_midsmallcap_400,,7,,2026-06-30
SYNGENE,NIFTY 500|NIFTY HEALTHCARE INDEX|NIFTY MIDSMALLCAP 400|NIFTY SMALLCAP 100|NIFTY SMALLCAP 250,nifty_500|nifty_healthcare_index|nifty_midsmallcap_400|nifty_smallcap_100|nifty_smallcap_250,HEALTHCARE,5,HEALTHCARE,2026-06-30
SYRMA,NIFTY 500|NIFTY MIDSMALLCAP 400|NIFTY SMALLCAP 250,nifty_500|nifty_midsmallcap_400|nifty_smallcap_250,,3,,2026-06-30
TARIL,NIFTY 500|NIFTY MIDSMALLCAP 400|NIFTY SMALLCAP 250,nifty_500|nifty_midsmallcap_400|nifty_smallcap_250,,3,,2026-06-30
TATACAP,NIFTY 100|NIFTY 200|NIFTY 500|NIFTY LARGEMIDCAP 250|NIFTY NEXT 50,nifty_100|nifty_200|nifty_500|nifty_largemidcap_250|nifty_next_50,,5,,2026-06-30
TATACHEM,NIFTY 500|NIFTY MIDSMALLCAP 400|NIFTY SMALLCAP 100|NIFTY SMALLCAP 250,nifty_500|nifty_midsmallcap_400|nifty_smallcap_100|nifty_smallcap_250,,4,,2026-06-30
TATACOMM,NIFTY 200|NIFTY 500|NIFTY LARGEMIDCAP 250|NIFTY MIDCAP 100|NIFTY MIDCAP 150|NIFTY MIDSMALLCAP 400,nifty_200|nifty_500|nifty_largemidcap_250|nifty_midcap_100|nifty_midcap_150|nifty_midsmallcap_400,,6,,2026-06-30
TATACONSUM,NIFTY 100|NIFTY 200|NIFTY 50|NIFTY 500|NIFTY FMCG|NIFTY LARGEMIDCAP 250,nifty_100|nifty_200|nifty_50|nifty_500|nifty_fmcg|nifty_largemidcap_250,FMCG,6,FMCG,2026-06-30
TATAELXSI,NIFTY 200|NIFTY 500|NIFTY LARGEMIDCAP 250|NIFTY MIDCAP 100|NIFTY MIDCAP 150|NIFTY MIDSMALLCAP 400,nifty_200|nifty_500|nifty_largemidcap_250|nifty_midcap_100|nifty_midcap_150|nifty_midsmallcap_400,,6,,2026-06-30
TATAINVEST,NIFTY 200|NIFTY 500|NIFTY LARGEMIDCAP 250|NIFTY MIDCAP 100|NIFTY MIDCAP 150|NIFTY MIDSMALLCAP 400,nifty_200|nifty_500|nifty_largemidcap_250|nifty_midcap_100|nifty_midcap_150|nifty_midsmallcap_400,,6,,2026-06-30
TATAPOWER,NIFTY 100|NIFTY 200|NIFTY 500|NIFTY COMMODITIES|NIFTY ENERGY|NIFTY LARGEMIDCAP 250|NIFTY NEXT 50,nifty_100|nifty_200|nifty_500|nifty_commodities|nifty_energy|nifty_largemidcap_250|nifty_next_50,ENERGY,7,ENERGY,2026-06-30
TATASTEEL,NIFTY 100|NIFTY 200|NIFTY 50|NIFTY 500|NIFTY COMMODITIES|NIFTY LARGEMIDCAP 250|NIFTY METAL,nifty_100|nifty_200|nifty_50|nifty_500|nifty_commodities|nifty_largemidcap_250|nifty_metal,METAL,7,METAL,2026-06-30
TATATECH,NIFTY 500|NIFTY MIDSMALLCAP 400|NIFTY SMALLCAP 100|NIFTY SMALLCAP 250,nifty_500|nifty_midsmallcap_400|nifty_smallcap_100|nifty_smallcap_250,,4,,2026-06-30
TBOTEK,NIFTY 500|NIFTY MIDSMALLCAP 400|NIFTY SMALLCAP 250,nifty_500|nifty_midsmallcap_400|nifty_smallcap_250,,3,,2026-06-30
TCS,NIFTY 100|NIFTY 200|NIFTY 50|NIFTY 500|NIFTY IT|NIFTY LARGEMIDCAP 250,nifty_100|nifty_200|nifty_50|nifty_500|nifty_it|nifty_largemidcap_250,IT,6,IT,2026-06-30
TECHM,NIFTY 100|NIFTY 200|NIFTY 50|NIFTY 500|NIFTY IT|NIFTY LARGEMIDCAP 250,nifty_100|nifty_200|nifty_50|nifty_500|nifty_it|nifty_largemidcap_250,IT,6,IT,2026-06-30
TECHNOE,NIFTY 500|NIFTY MIDSMALLCAP 400|NIFTY SMALLCAP 250,nifty_500|nifty_midsmallcap_400|nifty_smallcap_250,,3,,2026-06-30
TEGA,NIFTY 500|NIFTY MIDSMALLCAP 400|NIFTY SMALLCAP 250,nifty_500|nifty_midsmallcap_400|nifty_smallcap_250,,3,,2026-06-30
TEJASNET,NIFTY 500|NIFTY MIDSMALLCAP 400|NIFTY SMALLCAP 250,nifty_500|nifty_midsmallcap_400|nifty_smallcap_250,,3,,2026-06-30
TENNIND,NIFTY 500|NIFTY MIDSMALLCAP 400|NIFTY SMALLCAP 100|NIFTY SMALLCAP 250,nifty_500|nifty_midsmallcap_400|nifty_smallcap_100|nifty_smallcap_250,,4,,2026-06-30
THELEELA,NIFTY 500|NIFTY MIDSMALLCAP 400|NIFTY SMALLCAP 250,nifty_500|nifty_midsmallcap_400|nifty_smallcap_250,,3,,2026-06-30
THERMAX,NIFTY 500|NIFTY ENERGY|NIFTY LARGEMIDCAP 250|NIFTY MIDCAP 150|NIFTY MIDSMALLCAP 400,nifty_500|nifty_energy|nifty_largemidcap_250|nifty_midcap_150|nifty_midsmallcap_400,ENERGY,5,ENERGY,2026-06-30
TIINDIA,NIFTY 200|NIFTY 500|NIFTY AUTO|NIFTY LARGEMIDCAP 250|NIFTY MIDCAP 100|NIFTY MIDCAP 150|NIFTY MIDCAP 50|NIFTY MIDSMALLCAP 400,nifty_200|nifty_500|nifty_auto|nifty_largemidcap_250|nifty_midcap_100|nifty_midcap_150|nifty_midcap_50|nifty_midsmallcap_400,AUTO,8,AUTO,2026-06-30
TIMKEN,NIFTY 500|NIFTY MIDSMALLCAP 400|NIFTY MNC|NIFTY SMALLCAP 250,nifty_500|nifty_midsmallcap_400|nifty_mnc|nifty_smallcap_250,,4,,2026-06-30
TIPSMUSIC,NIFTY MEDIA,nifty_media,MEDIA,1,MEDIA,2026-06-30
TITAGARH,NIFTY 500|NIFTY MIDSMALLCAP 400|NIFTY SMALLCAP 250,nifty_500|nifty_midsmallcap_400|nifty_smallcap_250,,3,,2026-06-30
TITAN,NIFTY 100|NIFTY 200|NIFTY 50|NIFTY 500|NIFTY CONSUMER DURABLES|NIFTY LARGEMIDCAP 250,nifty_100|nifty_200|nifty_50|nifty_500|nifty_consumer_durables|nifty_largemidcap_250,FMCG,6,FMCG,2026-06-30
TMCV,NIFTY 100|NIFTY 200|NIFTY 500|NIFTY LARGEMIDCAP 250|NIFTY NEXT 50,nifty_100|nifty_200|nifty_500|nifty_largemidcap_250|nifty_next_50,,5,,2026-06-30
TMPV,NIFTY 100|NIFTY 200|NIFTY 50|NIFTY 500|NIFTY AUTO|NIFTY LARGEMIDCAP 250,nifty_100|nifty_200|nifty_50|nifty_500|nifty_auto|nifty_largemidcap_250,AUTO,6,AUTO,2026-06-30
TORNTPHARM,NIFTY 100|NIFTY 200|NIFTY 500|NIFTY HEALTHCARE INDEX|NIFTY LARGEMIDCAP 250|NIFTY NEXT 50|NIFTY PHARMA,nifty_100|nifty_200|nifty_500|nifty_healthcare_index|nifty_largemidcap_250|nifty_next_50|nifty_pharma,HEALTHCARE|PHARMA,7,HEALTHCARE,2026-06-30
TORNTPOWER,NIFTY 500|NIFTY COMMODITIES|NIFTY ENERGY|NIFTY LARGEMIDCAP 250|NIFTY MIDCAP 150|NIFTY MIDSMALLCAP 400,nifty_500|nifty_commodities|nifty_energy|nifty_largemidcap_250|nifty_midcap_150|nifty_midsmallcap_400,ENERGY,6,ENERGY,2026-06-30
TRAVELFOOD,NIFTY 500|NIFTY MIDSMALLCAP 400|NIFTY SMALLCAP 250,nifty_500|nifty_midsmallcap_400|nifty_smallcap_250,,3,,2026-06-30
TRENT,NIFTY 100|NIFTY 200|NIFTY 50|NIFTY 500|NIFTY LARGEMIDCAP 250,nifty_100|nifty_200|nifty_50|nifty_500|nifty_largemidcap_250,,5,,2026-06-30
TRIDENT,NIFTY 500|NIFTY MIDSMALLCAP 400|NIFTY SMALLCAP 250,nifty_500|nifty_midsmallcap_400|nifty_smallcap_250,,3,,2026-06-30
TRITURBINE,NIFTY 500|NIFTY MIDSMALLCAP 400|NIFTY SMALLCAP 100|NIFTY SMALLCAP 250,nifty_500|nifty_midsmallcap_400|nifty_smallcap_100|nifty_smallcap_250,,4,,2026-06-30
TTML,NIFTY 500|NIFTY MIDSMALLCAP 400|NIFTY SMALLCAP 250,nifty_500|nifty_midsmallcap_400|nifty_smallcap_250,,3,,2026-06-30
TVSMOTOR,NIFTY 100|NIFTY 200|NIFTY 500|NIFTY AUTO|NIFTY LARGEMIDCAP 250|NIFTY NEXT 50,nifty_100|nifty_200|nifty_500|nifty_auto|nifty_largemidcap_250|nifty_next_50,AUTO,6,AUTO,2026-06-30
UBL,NIFTY 500|NIFTY FMCG|NIFTY LARGEMIDCAP 250|NIFTY MIDCAP 150|NIFTY MIDSMALLCAP 400|NIFTY MNC,nifty_500|nifty_fmcg|nifty_largemidcap_250|nifty_midcap_150|nifty_midsmallcap_400|nifty_mnc,FMCG,6,FMCG,2026-06-30
UCOBANK,NIFTY 500|NIFTY MIDSMALLCAP 400|NIFTY PSU BANK|NIFTY SMALLCAP 250,nifty_500|nifty_midsmallcap_400|nifty_psu_bank|nifty_smallcap_250,BANKING,4,BANKING,2026-06-30
ULTRACEMCO,NIFTY 100|NIFTY 200|NIFTY 50|NIFTY 500|NIFTY COMMODITIES|NIFTY LARGEMIDCAP 250,nifty_100|nifty_200|nifty_50|nifty_500|nifty_commodities|nifty_largemidcap_250,,6,,2026-06-30
UNIONBANK,NIFTY 100|NIFTY 200|NIFTY 500|NIFTY BANK|NIFTY LARGEMIDCAP 250|NIFTY NEXT 50|NIFTY PSU BANK,nifty_100|nifty_200|nifty_500|nifty_bank|nifty_largemidcap_250|nifty_next_50|nifty_psu_bank,BANKING,7,BANKING,2026-06-30
UNITDSPR,NIFTY 100|NIFTY 200|NIFTY 500|NIFTY FMCG|NIFTY LARGEMIDCAP 250|NIFTY MNC|NIFTY NEXT 50,nifty_100|nifty_200|nifty_500|nifty_fmcg|nifty_largemidcap_250|nifty_mnc|nifty_next_50,FMCG,7,FMCG,2026-06-30
UNOMINDA,NIFTY 500|NIFTY AUTO|NIFTY LARGEMIDCAP 250|NIFTY MIDCAP 150|NIFTY MIDSMALLCAP 400,nifty_500|nifty_auto|nifty_largemidcap_250|nifty_midcap_150|nifty_midsmallcap_400,AUTO,5,AUTO,2026-06-30
UPL,NIFTY 200|NIFTY 500|NIFTY COMMODITIES|NIFTY LARGEMIDCAP 250|NIFTY MIDCAP 100|NIFTY MIDCAP 150|NIFTY MIDCAP 50|NIFTY MIDSMALLCAP 400,nifty_200|nifty_500|nifty_commodities|nifty_largemidcap_250|nifty_midcap_100|nifty_midcap_150|nifty_midcap_50|nifty_midsmallcap_400,,8,,2026-06-30
URBANCO,NIFTY 500|NIFTY MIDSMALLCAP 400|NIFTY SMALLCAP 100|NIFTY SMALLCAP 250,nifty_500|nifty_midsmallcap_400|nifty_smallcap_100|nifty_smallcap_250,,4,,2026-06-30
USHAMART,NIFTY 500|NIFTY MIDSMALLCAP 400|NIFTY SMALLCAP 250,nifty_500|nifty_midsmallcap_400|nifty_smallcap_250,,3,,2026-06-30
UTIAMC,NIFTY 500|NIFTY MIDSMALLCAP 400|NIFTY SMALLCAP 250,nifty_500|nifty_midsmallcap_400|nifty_smallcap_250,,3,,2026-06-30
VBL,NIFTY 100|NIFTY 200|NIFTY 500|NIFTY FMCG|NIFTY LARGEMIDCAP 250|NIFTY NEXT 50,nifty_100|nifty_200|nifty_500|nifty_fmcg|nifty_largemidcap_250|nifty_next_50,FMCG,6,FMCG,2026-06-30
VEDL,NIFTY 100|NIFTY 200|NIFTY 500|NIFTY COMMODITIES|NIFTY LARGEMIDCAP 250|NIFTY METAL|NIFTY MNC|NIFTY NEXT 50,nifty_100|nifty_200|nifty_500|nifty_commodities|nifty_largemidcap_250|nifty_metal|nifty_mnc|nifty_next_50,METAL,8,METAL,2026-06-30
VIJAYA,NIFTY 500|NIFTY MIDSMALLCAP 400|NIFTY SMALLCAP 250,nifty_500|nifty_midsmallcap_400|nifty_smallcap_250,,3,,2026-06-30
VMM,NIFTY 200|NIFTY 500|NIFTY LARGEMIDCAP 250|NIFTY MIDCAP 100|NIFTY MIDCAP 150|NIFTY MIDSMALLCAP 400,nifty_200|nifty_500|nifty_largemidcap_250|nifty_midcap_100|nifty_midcap_150|nifty_midsmallcap_400,,6,,2026-06-30
VOLTAS,NIFTY 200|NIFTY 500|NIFTY CONSUMER DURABLES|NIFTY LARGEMIDCAP 250|NIFTY MIDCAP 100|NIFTY MIDCAP 150|NIFTY MIDSMALLCAP 400,nifty_200|nifty_500|nifty_consumer_durables|nifty_largemidcap_250|nifty_midcap_100|nifty_midcap_150|nifty_midsmallcap_400,FMCG,7,FMCG,2026-06-30
VTL,NIFTY 500|NIFTY MIDSMALLCAP 400|NIFTY SMALLCAP 250,nifty_500|nifty_midsmallcap_400|nifty_smallcap_250,,3,,2026-06-30
WAAREEENER,NIFTY 200|NIFTY 500|NIFTY LARGEMIDCAP 250|NIFTY MIDCAP 100|NIFTY MIDCAP 150|NIFTY MIDCAP 50|NIFTY MIDSMALLCAP 400,nifty_200|nifty_500|nifty_largemidcap_250|nifty_midcap_100|nifty_midcap_150|nifty_midcap_50|nifty_midsmallcap_400,,7,,2026-06-30
WELCORP,NIFTY 500|NIFTY METAL|NIFTY MIDSMALLCAP 400|NIFTY SMALLCAP 100|NIFTY SMALLCAP 250,nifty_500|nifty_metal|nifty_midsmallcap_400|nifty_smallcap_100|nifty_smallcap_250,METAL,5,METAL,2026-06-30
WELSPUNLIV,NIFTY 500|NIFTY MIDSMALLCAP 400|NIFTY SMALLCAP 250,nifty_500|nifty_midsmallcap_400|nifty_smallcap_250,,3,,2026-06-30
WHIRLPOOL,NIFTY 500|NIFTY CONSUMER DURABLES|NIFTY MIDSMALLCAP 400|NIFTY SMALLCAP 100|NIFTY SMALLCAP 250,nifty_500|nifty_consumer_durables|nifty_midsmallcap_400|nifty_smallcap_100|nifty_smallcap_250,FMCG,5,FMCG,2026-06-30
WIPRO,NIFTY 100|NIFTY 200|NIFTY 50|NIFTY 500|NIFTY IT|NIFTY LARGEMIDCAP 250,nifty_100|nifty_200|nifty_50|nifty_500|nifty_it|nifty_largemidcap_250,IT,6,IT,2026-06-30
WOCKPHARMA,NIFTY 500|NIFTY MIDSMALLCAP 400|NIFTY PHARMA|NIFTY SMALLCAP 100|NIFTY SMALLCAP 250,nifty_500|nifty_midsmallcap_400|nifty_pharma|nifty_smallcap_100|nifty_smallcap_250,PHARMA,5,PHARMA,2026-06-30
YESBANK,NIFTY 200|NIFTY 500|NIFTY BANK|NIFTY LARGEMIDCAP 250|NIFTY MIDCAP 100|NIFTY MIDCAP 150|NIFTY MIDCAP 50|NIFTY MIDSMALLCAP 400,nifty_200|nifty_500|nifty_bank|nifty_largemidcap_250|nifty_midcap_100|nifty_midcap_150|nifty_midcap_50|nifty_midsmallcap_400,BANKING,8,BANKING,2026-06-30
ZEEL,NIFTY 500|NIFTY MEDIA|NIFTY MIDSMALLCAP 400|NIFTY SMALLCAP 250,nifty_500|nifty_media|nifty_midsmallcap_400|nifty_smallcap_250,MEDIA,4,MEDIA,2026-06-30
ZENSARTECH,NIFTY 500|NIFTY MIDSMALLCAP 400|NIFTY SMALLCAP 100|NIFTY SMALLCAP 250,nifty_500|nifty_midsmallcap_400|nifty_smallcap_100|nifty_smallcap_250,,4,,2026-06-30
ZENTEC,NIFTY 500|NIFTY MIDSMALLCAP 400|NIFTY SMALLCAP 250,nifty_500|nifty_midsmallcap_400|nifty_smallcap_250,,3,,2026-06-30
ZFCVINDIA,NIFTY 500|NIFTY MIDSMALLCAP 400|NIFTY SMALLCAP 250,nifty_500|nifty_midsmallcap_400|nifty_smallcap_250,,3,,2026-06-30
ZYDUSLIFE,NIFTY 100|NIFTY 200|NIFTY 500|NIFTY HEALTHCARE INDEX|NIFTY LARGEMIDCAP 250|NIFTY NEXT 50|NIFTY PHARMA,nifty_100|nifty_200|nifty_500|nifty_healthcare_index|nifty_largemidcap_250|nifty_next_50|nifty_pharma,HEALTHCARE|PHARMA,7,HEALTHCARE,2026-06-30
ZYDUSWELL,NIFTY 500|NIFTY MIDSMALLCAP 400|NIFTY SMALLCAP 250,nifty_500|nifty_midsmallcap_400|nifty_smallcap_250,,3,,2026-06-30
